CREATE TABLE students (
    s_id SERIAL PRIMARY KEY,
    name VARCHAR(255),
    department VARCHAR(255),
    year INT
);

CREATE TABLE faculty (
    f_id INT PRIMARY KEY,
    name VARCHAR(255),
    department VARCHAR(255)
);

CREATE TABLE courses (
    c_id SERIAL PRIMARY KEY,
    f_id INT,
    name VARCHAR(255),
    credits INT,
    department VARCHAR(255)
    FOREIGN KEY (f_id) REFERENCES faculty(f_id)
);

CREATE TABLE enrollments (
    e_id SERIAL PRIMARY KEY,
    s_id INT,
    c_id INT,
    date DATE,
    status TEXT,
    FOREIGN KEY (s_id) REFERENCES students(s_id),
    FOREIGN KEY (c_id) REFERENCES courses(c_id)
);


/*  Insert student values */
INSERT INTO students (s_id, name, department, year) VALUES
(1, 'Carmen Drillot', 'Biology', 1),
(2, 'Odelle Dooley', 'CS', 5),
(3, 'Dyane Bambrugh', 'Art', 4),
(4, 'Neel Rignoldes', 'Biology', 3),
(5, 'Derry Libermore', 'Maths', 4),
(6, 'Andriana Van Salzberger', 'Art', 6),
(7, 'Pavia Lowings', 'CS', 2),
(8, 'Trula Martynka', 'Maths', 2),
(9, 'Harriett Burnsides', 'CS', 2),
(10, 'Patrizia Warry', 'Art', 4),
(11, 'Eugenius Cowlin', 'CS', 3),
(12, 'Skelly Greensmith', 'CS', 1),
(13, 'Titus Marlor', 'Biology', 5),
(14, 'Desdemona Juarez', 'Biology', 2),
(15, 'Howie Rudd', 'Art', 1),
(16, 'Catriona Cabera', 'Biology', 6),
(17, 'April Cullnean', 'Art', 4),
(18, 'Julie Mokes', 'Biology', 5),
(19, 'Bordie Hudson', 'Maths', 3),
(20, 'Craggy Dilger', 'CS', 2),
(21, 'Leese Flinders', 'Biology', 3),
(22, 'Nikolai Banasevich', 'Maths', 5),
(23, 'Lombard Game', 'CS', 6),
(24, 'Lorens Simonel', 'CS', 5),
(25, 'Noach Hairsine', 'Art', 6),
(26, 'Dory Bronot', 'Art', 1),
(27, 'Agace Blount', 'CS', 4),
(28, 'Fabien Corain', 'Biology', 6),
(29, 'Nolan Byrkmyr', 'Maths', 6),
(30, 'Cassandry DRuel', 'Art', 1),
(31, 'Way Barlee', 'Art', 1),
(32, 'Catherin Illingworth', 'Maths', 5),
(33, 'Juan Heineken', 'Art', 1),
(34, 'Kristel Tidd', 'Biology', 3),
(35, 'Kaylee McSparran', 'Biology', 5),
(36, 'Bruis Nock', 'Maths', 3),
(37, 'Diandra Behnecken', 'Art', 1),
(38, 'Kelly Gobbett', 'Maths', 5),
(39, 'Gregorius Deavin', 'Biology', 3),
(40, 'Jandy Blune', 'Biology', 2),
(41, 'Fionnula Flippini', 'Maths', 6),
(42, 'Vallie Baggs', 'Biology', 4),
(43, 'Madlen Rowantree', 'Biology', 4),
(44, 'Jackie Softley', 'CS', 6),
(45, 'Edith Kelsall', 'Biology', 3),
(46, 'Brnaba Withringten', 'Biology', 1),
(47, 'Fancie Assante', 'Maths', 4),
(48, 'Hillier Dodgson', 'Biology', 6),
(49, 'Ricoriki Fenkel', 'Maths', 4),
(50, 'Tuesday Pottle', 'Biology', 4),
(51, 'Rosemary Lambswood', 'Maths', 1),
(52, 'Jo Brompton', 'CS', 6),
(53, 'Arly Matsell', 'Art', 3),
(54, 'Arv Cashen', 'Art', 5),
(55, 'Blinnie Garratty', 'Art', 2),
(56, 'Genevieve Shallow', 'Art', 5),
(57, 'Doralynn Whilde', 'Biology', 4),
(58, 'Lenora Phythien', 'Biology', 3),
(59, 'Currie Doucette', 'Maths', 6),
(60, 'Colet Henmarsh', 'CS', 4),
(61, 'Huntley Bartoli', 'Maths', 6),
(62, 'Mignonne Sutton', 'CS', 5),
(63, 'Maryanne Lohan', 'Biology', 3),
(64, 'Herc Crunkhorn', 'CS', 1),
(65, 'Manuel Andrich', 'Biology', 3),
(66, 'Sampson Sante', 'Maths', 2),
(67, 'Mehetabel Vidler', 'Maths', 4),
(68, 'Elmira Cicchillo', 'Maths', 5),
(69, 'Latrina Gonnel', 'CS', 5),
(70, 'Hugh Bullman', 'Maths', 4),
(71, 'Esther Newbury', 'Art', 4),
(72, 'Tresa Cullin', 'Art', 3),
(73, 'Gillian Trays', 'CS', 6),
(74, 'Melisse Glen', 'Biology', 3),
(75, 'Sherm Corbyn', 'CS', 5),
(76, 'Nyssa Rentenbeck', 'Art', 5),
(77, 'Smitty Fallis', 'Maths', 1),
(78, 'Dore Cutmore', 'Art', 3),
(79, 'Kiley Wooffinden', 'Maths', 3),
(80, 'Richardo Awmack', 'Art', 2),
(81, 'Justus Barbier', 'Art', 2),
(82, 'Lorri Sybbe', 'CS', 3),
(83, 'Sherm Suche', 'Biology', 3),
(84, 'Terrye Courtois', 'Biology', 6),
(85, 'Stoddard Maffucci', 'Art', 3),
(86, 'Dasha Gurdon', 'CS', 3),
(87, 'Kandace Alfonzo', 'Art', 2),
(88, 'Davide Akrigg', 'CS', 5),
(89, 'Benedicto Worswick', 'Biology', 1),
(90, 'Odo Spilling', 'Biology', 3),
(91, 'Honoria Lanceley', 'CS', 6),
(92, 'Hope Dugmore', 'Art', 3),
(93, 'Jerrie Joskowitz', 'Maths', 5),
(94, 'Marian Kiff', 'Biology', 6),
(95, 'Sunny Batters', 'CS', 3),
(96, 'Estella Yesinin', 'Art', 3),
(97, 'Lorraine Early', 'Art', 2),
(98, 'Zola Withams', 'Maths', 5),
(99, 'Garrard Pedrielli', 'Biology', 5),
(100, 'Clement Cocke', 'Biology', 5),
(101, 'Karyl Gabits', 'Maths', 6),
(102, 'Ronna Kramer', 'Biology', 1),
(103, 'Annnora Mussalli', 'Art', 1),
(104, 'Suzi Kapelhoff', 'Art', 2),
(105, 'Caroljean Dicke', 'Art', 3),
(106, 'Jamal Boyda', 'Art', 5),
(107, 'Goldarina Tebboth', 'Art', 3),
(108, 'Artemus Crossan', 'Biology', 6),
(109, 'Anett Shoobridge', 'Biology', 1),
(110, 'Ivan Overy', 'Maths', 6),
(111, 'Abbi Mitton', 'Art', 3),
(112, 'Tara Laverock', 'Biology', 4),
(113, 'Othilia Leahair', 'Maths', 5),
(114, 'Dillon Eat', 'CS', 1),
(115, 'Paule Sherwyn', 'Biology', 3),
(116, 'Connie Jacquet', 'Maths', 5),
(117, 'Ezequiel Keeney', 'Maths', 6),
(118, 'Rog Tellenbrok', 'CS', 5),
(119, 'Raul Aldgate', 'CS', 1),
(120, 'Iseabal Boland', 'Maths', 6),
(121, 'Culver Moulin', 'Biology', 5),
(122, 'Allin Goulthorp', 'Art', 5),
(123, 'Rickie Newburn', 'Art', 4),
(124, 'Dominik Mattusevich', 'CS', 5),
(125, 'Layla Lambarth', 'Maths', 2),
(126, 'Mellicent Haughian', 'Art', 6),
(127, 'Imelda Jakoub', 'Art', 3),
(128, 'Pierre Briereton', 'CS', 5),
(129, 'Carmine Looker', 'Maths', 6),
(130, 'Maximilian Lathleiffure', 'Art', 6),
(131, 'Gradeigh Pays', 'CS', 3),
(132, 'Cobbie Nettleship', 'Biology', 6),
(133, 'Susie Le Marchant', 'Maths', 3),
(134, 'Darrelle Lyddiatt', 'CS', 3),
(135, 'Hatti Brakewell', 'Art', 3),
(136, 'Farrel Pordal', 'Maths', 4),
(137, 'Elyse Bissatt', 'Art', 3),
(138, 'Delila Chiese', 'Art', 2),
(139, 'Cross Barrowcliffe', 'Maths', 4),
(140, 'Antone Domney', 'CS', 6),
(141, 'Margarethe Spittles', 'Maths', 1),
(142, 'Gallard Kiddy', 'Art', 4),
(143, 'Tabbie Gaymar', 'Biology', 1),
(144, 'Aline Travers', 'CS', 4),
(145, 'Tobe Simons', 'CS', 6),
(146, 'Byron Mithon', 'Art', 1),
(147, 'Sue Chansonnau', 'Biology', 5),
(148, 'Garrard Linneman', 'CS', 4),
(149, 'Leroy McGuire', 'Maths', 1),
(150, 'Herman Flower', 'CS', 6),
(151, 'Marga Hoolaghan', 'Art', 5),
(152, 'Oswald Duffy', 'Maths', 1),
(153, 'Dicky Bessell', 'CS', 3),
(154, 'Gearard Clementet', 'Biology', 4),
(155, 'Solly Rupprecht', 'CS', 6),
(156, 'Ed Beeres', 'Art', 2),
(157, 'Auberon Willgrass', 'CS', 6),
(158, 'Rea Tzarkov', 'Maths', 6),
(159, 'Calla Cumberland', 'CS', 1),
(160, 'Jacques Sottell', 'Maths', 4),
(161, 'Taddeusz Teligin', 'Maths', 6),
(162, 'Melantha Darnody', 'Maths', 5),
(163, 'Allx Lofting', 'Art', 6),
(164, 'Kimbell Mizzi', 'Biology', 6),
(165, 'Noella Duffet', 'Art', 2),
(166, 'Casandra Filipovic', 'Maths', 6),
(167, 'Henderson Kochlin', 'Art', 2),
(168, 'Reinald Kindell', 'Biology', 3),
(169, 'Ethel Everist', 'CS', 5),
(170, 'Zebedee Welch', 'Art', 4),
(171, 'Lotty Leeuwerink', 'CS', 5),
(172, 'Burtie Wymer', 'Biology', 2),
(173, 'Thurston Conniam', 'Art', 1),
(174, 'Trudi Foxcroft', 'Maths', 2),
(175, 'Jerrine Gunbie', 'CS', 1),
(176, 'Juditha Bullen', 'Maths', 4),
(177, 'Charo Halligan', 'Art', 1),
(178, 'Beverly Crutchley', 'CS', 2),
(179, 'Itch Arnowitz', 'Art', 2),
(180, 'Chandra Shoreson', 'Maths', 4),
(181, 'Mavra Roy', 'CS', 5),
(182, 'Rosamund Peschke', 'Biology', 3),
(183, 'Vin Reddel', 'CS', 5),
(184, 'Teodoro Gerrett', 'Maths', 2),
(185, 'Hercule Basile', 'Biology', 2),
(186, 'Rowan Kondrat', 'CS', 1),
(187, 'Camille Kembrey', 'Maths', 3),
(188, 'Moria Durnall', 'CS', 2),
(189, 'Seumas Melley', 'Biology', 4),
(190, 'Penny Tiley', 'Maths', 5),
(191, 'Latia Farrimond', 'Art', 2),
(192, 'Philipa Pughsley', 'Biology', 6),
(193, 'Lois Ammer', 'Art', 2),
(194, 'Woodie Burrass', 'Maths', 3),
(195, 'Dede Ciottoi', 'Biology', 5),
(196, 'Gloriane Cloney', 'Art', 4),
(197, 'Marley Cotherill', 'CS', 6),
(198, 'Clyde Trehearn', 'Maths', 1),
(199, 'Minnaminnie Whymark', 'Biology', 6),
(200, 'Gigi Woodrooffe', 'CS', 2),
(201, 'Shela Veevers', 'CS', 3),
(202, 'Felizio Geraldi', 'Maths', 5),
(203, 'Paolo Schwieso', 'Maths', 1),
(204, 'Leshia Sonnenschein', 'Art', 4),
(205, 'Sharline Graveson', 'CS', 5),
(206, 'Enrika Meugens', 'CS', 4),
(207, 'Teddy Cathee', 'Art', 4),
(208, 'Valida Rosendale', 'CS', 5),
(209, 'Dyana Quarless', 'Maths', 2),
(210, 'Wendy Fortman', 'Biology', 4),
(211, 'Fabe Nears', 'CS', 1),
(212, 'Nicolette Rollins', 'Maths', 6),
(213, 'Thorvald Brummitt', 'Maths', 5),
(214, 'Kali Addionizio', 'Art', 3),
(215, 'Turner Bucknill', 'Art', 6),
(216, 'Sonni Odom', 'Maths', 6),
(217, 'Audra Waine', 'Maths', 2),
(218, 'Harlan Matzen', 'Biology', 1),
(219, 'Antonius Burnep', 'Biology', 6),
(220, 'Bax Gaish', 'Biology', 5),
(221, 'Maribel Hammell', 'Maths', 4),
(222, 'Desi Cattonnet', 'CS', 5),
(223, 'Tandy Brewood', 'Biology', 2),
(224, 'Jeanne Weond', 'Maths', 5),
(225, 'Tammara Duesberry', 'Art', 6),
(226, 'Madelin Proudlove', 'Art', 5),
(227, 'Latia Blackstone', 'Biology', 5),
(228, 'Misha Gillice', 'Biology', 1),
(229, 'Hector Lorie', 'Art', 5),
(230, 'Chickie Canon', 'Art', 2),
(231, 'Harper Chester', 'Biology', 5),
(232, 'Sibella Elcocks', 'Art', 5),
(233, 'Melisse Lago', 'CS', 3),
(234, 'Shane Ingamells', 'CS', 5),
(235, 'Rochell Axell', 'Biology', 3),
(236, 'Robers Skally', 'Art', 6),
(237, 'Robbert Plowman', 'Art', 6),
(238, 'Renaud Lorman', 'CS', 5),
(239, 'Dulsea Blundel', 'Maths', 4),
(240, 'Chrisse Burtt', 'Biology', 4),
(241, 'Rakel Barmadier', 'Art', 1),
(242, 'Minerva Witcomb', 'Biology', 2),
(243, 'Erinna Durak', 'Art', 1),
(244, 'Pam Giovannacci', 'Art', 3),
(245, 'Meyer Niaves', 'Maths', 3),
(246, 'David Giacomasso', 'CS', 2),
(247, 'Laverne Donlon', 'Biology', 2),
(248, 'Vivia Lamba', 'Art', 6),
(249, 'Gui Showering', 'Biology', 2),
(250, 'Glynda Labrom', 'CS', 2),
(251, 'Spike Monkleigh', 'CS', 6),
(252, 'Boniface Pickover', 'CS', 6),
(253, 'Hubie Adnam', 'CS', 5),
(254, 'Pepillo Naylor', 'Art', 3),
(255, 'Harley Tondeur', 'Biology', 6),
(256, 'Osgood Avrahamof', 'Biology', 4),
(257, 'Gerik Jone', 'CS', 3),
(258, 'Lin Yggo', 'Maths', 6),
(259, 'Anthony Coleford', 'Art', 5),
(260, 'Nathalie Rasher', 'Maths', 6),
(261, 'Sloane Swinney', 'CS', 4),
(262, 'Mordecai Goldstone', 'Maths', 3),
(263, 'Elisabet Verbrugghen', 'Maths', 5),
(264, 'Harmony Geillier', 'Art', 2),
(265, 'Brnaba Trythall', 'Art', 1),
(266, 'Leeanne Sellens', 'Biology', 1),
(267, 'Kizzee Backsal', 'CS', 2),
(268, 'Antone Anfonsi', 'CS', 1),
(269, 'Gilly OCannavan', 'Biology', 1),
(270, 'Lincoln Joselevitz', 'Art', 5),
(271, 'Valeria Yole', 'CS', 3),
(272, 'Paco Hazeman', 'Maths', 2),
(273, 'Enoch Drabble', 'Art', 4),
(274, 'Karlens Schermick', 'Art', 6),
(275, 'Xavier Hunnaball', 'Biology', 4),
(276, 'Eada Bengoechea', 'Maths', 2),
(277, 'Franny Barmby', 'CS', 6),
(278, 'Hertha Hertwell', 'Maths', 5),
(279, 'Nessa Vogel', 'Biology', 1),
(280, 'Tabbie Gurwood', 'Art', 3),
(281, 'Karna Vanichev', 'Art', 5),
(282, 'Trumaine Belton', 'Maths', 6),
(283, 'Ashleigh Pendrey', 'Maths', 6),
(284, 'Theodor Martine', 'CS', 2),
(285, 'Merle Walpole', 'Biology', 2),
(286, 'Veronika Wooff', 'Biology', 3),
(287, 'Drugi Gillion', 'Biology', 2),
(288, 'Brody Bravery', 'Art', 2),
(289, 'Daile Frier', 'Biology', 1),
(290, 'Phyllis Bru', 'CS', 1),
(291, 'Amil Trask', 'CS', 3),
(292, 'Isaiah Merill', 'Biology', 4),
(293, 'Eada Jeal', 'Biology', 5),
(294, 'Arluene Allwood', 'Maths', 1),
(295, 'Desdemona Tilbury', 'CS', 2),
(296, 'Elvis McElmurray', 'Biology', 6),
(297, 'Bonita Arne', 'Art', 6),
(298, 'Juli Emett', 'Maths', 6),
(299, 'Hesther Ferie', 'CS', 1),
(300, 'Emilie Weddup', 'Biology', 4),
(301, 'Dean Warmisham', 'Maths', 5),
(302, 'Kingsly Feeham', 'Maths', 3),
(303, 'Diena Blunderfield', 'Maths', 4),
(304, 'Darci Daymond', 'Biology', 4),
(305, 'Tamar Jakucewicz', 'CS', 4),
(306, 'Tully Pantone', 'Maths', 2),
(307, 'Eal Partrick', 'CS', 2),
(308, 'Hervey MacCaig', 'Biology', 1),
(309, 'Gusti Mulhall', 'CS', 1),
(310, 'Theodosia Pennrington', 'Art', 4),
(311, 'Isacco Daniello', 'Biology', 5),
(312, 'Lisha Curnok', 'Maths', 6),
(313, 'Clayton Chadbourne', 'Maths', 2),
(314, 'Patty Burstowe', 'CS', 5),
(315, 'Daisy Gallant', 'CS', 5),
(316, 'Halie Myrtle', 'Art', 1),
(317, 'Linc Tash', 'Art', 2),
(318, 'Freeman McQuode', 'CS', 5),
(319, 'Nesta Hancox', 'Maths', 1),
(320, 'Madelaine Anton', 'CS', 1),
(321, 'Franklin Costello', 'Art', 3),
(322, 'Shari Wilmut', 'CS', 6),
(323, 'Annabel Visick', 'Maths', 5),
(324, 'Roderic Sherwell', 'Biology', 6),
(325, 'Carena Jobbing', 'Maths', 6),
(326, 'Chandler Narramore', 'CS', 4),
(327, 'Carmita Everill', 'Maths', 5),
(328, 'Benetta Rodrigues', 'Art', 5),
(329, 'Maxwell Henkmann', 'CS', 3),
(330, 'Dasha Ielden', 'Maths', 3),
(331, 'Dyanna Bliben', 'Maths', 5),
(332, 'Tyrone Bromell', 'Biology', 4),
(333, 'Velma Gippes', 'Biology', 2),
(334, 'Nadia Concklin', 'Art', 6),
(335, 'Adams Greatrex', 'CS', 4),
(336, 'Dennie Gallihawk', 'Maths', 6),
(337, 'Auberta Pottes', 'CS', 4),
(338, 'Georgia Attard', 'Maths', 4),
(339, 'Dorolisa Buckner', 'Art', 2),
(340, 'Archie Lebbon', 'Maths', 1),
(341, 'Solomon Philcox', 'CS', 6),
(342, 'Dorotea Ference', 'Maths', 4),
(343, 'Lanette Limpertz', 'Biology', 1),
(344, 'Leila Attoc', 'Art', 1),
(345, 'Giffer Juszczyk', 'Art', 3),
(346, 'Kimberlyn Da Costa', 'CS', 3),
(347, 'Bear Wickling', 'Maths', 6),
(348, 'Lazare Andreou', 'Art', 1),
(349, 'Kenna Issacson', 'CS', 4),
(350, 'Olav Fleeman', 'Art', 1),
(351, 'Munmro Everson', 'Biology', 6),
(352, 'Bibi Baty', 'Maths', 4),
(353, 'Florry Euplate', 'CS', 1),
(354, 'Darcey Attwill', 'Biology', 5),
(355, 'Pru Sisnett', 'Art', 1),
(356, 'Consuelo Rumbelow', 'Maths', 4),
(357, 'Diego Longfield', 'Biology', 1),
(358, 'Carry Weinmann', 'Maths', 3),
(359, 'Rahel Bass', 'Art', 4),
(360, 'Sadie Bronot', 'Biology', 6),
(361, 'Jerry Clapison', 'Maths', 5),
(362, 'Arther Orrey', 'Biology', 2),
(363, 'Austin Bendik', 'Art', 6),
(364, 'Maxy MacArthur', 'Art', 2),
(365, 'Fletcher Plevey', 'Biology', 5),
(366, 'Cosetta Statham', 'Art', 3),
(367, 'Silvie Kembley', 'Maths', 6),
(368, 'Stephie Guerriero', 'Biology', 6),
(369, 'Emmaline Styan', 'Maths', 2),
(370, 'Danyette Brezlaw', 'CS', 1),
(371, 'Willie Kennet', 'Art', 1),
(372, 'Annis Waugh', 'Art', 4),
(373, 'Lewiss Slaght', 'Art', 6),
(374, 'Slade Tilson', 'CS', 2),
(375, 'Prudence Langhorne', 'CS', 5),
(376, 'Elladine Rankin', 'CS', 2),
(377, 'Minni Pfeffle', 'Art', 5),
(378, 'Luz Scough', 'Art', 5),
(379, 'Lark Ilyushkin', 'Art', 5),
(380, 'Millisent Lynnitt', 'CS', 3),
(381, 'Esteban Benz', 'Art', 3),
(382, 'Kirsten Brundrett', 'Maths', 3),
(383, 'Adrianne Jedrysik', 'Biology', 6),
(384, 'Jennifer Nissle', 'Biology', 5),
(385, 'Rosalyn Leach', 'Maths', 4),
(386, 'Rosco Bole', 'Art', 5),
(387, 'Shae Philpott', 'Biology', 4),
(388, 'Fern Clashe', 'CS', 1),
(389, 'Sapphire Tommasetti', 'CS', 4),
(390, 'Alvera Nuttey', 'Maths', 2),
(391, 'Pierce Meneely', 'Maths', 5),
(392, 'Carilyn Hubbart', 'Art', 2),
(393, 'Venus Pimlock', 'CS', 6),
(394, 'Barnaby McCarl', 'CS', 4),
(395, 'Johnnie Crampsey', 'Maths', 5),
(396, 'Marian Drysdell', 'Biology', 4),
(397, 'Kizzie Spieck', 'CS', 4),
(398, 'Sharia Reckhouse', 'Art', 3),
(399, 'Wye Pagen', 'CS', 4),
(400, 'Des Walesa', 'Art', 6),
(401, 'Llywellyn MacElholm', 'Art', 4),
(402, 'Sherrie Clines', 'Biology', 5),
(403, 'Moyra Backshall', 'Art', 1),
(404, 'Adrien McGrale', 'Art', 2),
(405, 'Babara Hazard', 'Biology', 5),
(406, 'Gerda Joret', 'Art', 4),
(407, 'Eleonore Booty', 'Biology', 2),
(408, 'Abbot Shawl', 'Maths', 2),
(409, 'Florence Thowless', 'Art', 1),
(410, 'Enrique Wigley', 'Art', 5),
(411, 'Murray Mablestone', 'CS', 1),
(412, 'Stella Shillabear', 'CS', 4),
(413, 'Marji Schlagh', 'Art', 5),
(414, 'Montgomery Scargill', 'CS', 3),
(415, 'Charissa Reckless', 'CS', 2),
(416, 'Johnnie Beebe', 'Biology', 5),
(417, 'Adelaide Benterman', 'Biology', 4),
(418, 'Bonita Sheerman', 'CS', 2),
(419, 'Katharyn Chattoe', 'CS', 3),
(420, 'Germayne Butner', 'CS', 6),
(421, 'Hedy Esbrook', 'CS', 1),
(422, 'Garrett Bennell', 'Biology', 6),
(423, 'Amye Gasticke', 'CS', 4),
(424, 'Shauna Hanscomb', 'Biology', 1),
(425, 'Alejoa Westnage', 'CS', 5),
(426, 'Laurette Slator', 'Maths', 5),
(427, 'Hulda Quested', 'Art', 2),
(428, 'Wakefield Soares', 'CS', 4),
(429, 'Alikee Fanti', 'Maths', 4),
(430, 'Raina Amyes', 'Maths', 1),
(431, 'Stevy Shark', 'Biology', 4),
(432, 'Christal Rewbottom', 'Art', 5),
(433, 'Berty Templman', 'CS', 3),
(434, 'Barde Tancock', 'Art', 1),
(435, 'Samson Conduit', 'Maths', 6),
(436, 'Barrie Iban', 'Maths', 1),
(437, 'Matty McCurtain', 'CS', 1),
(438, 'Blair Felmingham', 'Maths', 1),
(439, 'Elvin Bice', 'Maths', 4),
(440, 'Aguie Idale', 'Biology', 6),
(441, 'Faun Ronisch', 'Art', 2),
(442, 'Bibby Tallyn', 'CS', 4),
(443, 'Gwenni Gergely', 'CS', 6),
(444, 'Corrie Pendered', 'CS', 2),
(445, 'Jessalyn Stovin', 'Maths', 1),
(446, 'Marianna Messom', 'Art', 2),
(447, 'Linzy Hame', 'Maths', 3),
(448, 'Channa Rewan', 'CS', 5),
(449, 'Kile Nowak', 'Maths', 4),
(450, 'Conn Give', 'CS', 4),
(451, 'Constancy Wadhams', 'CS', 3),
(452, 'Cindelyn Vernazza', 'CS', 2),
(453, 'Candida Surmeir', 'Biology', 6),
(454, 'Keslie Pheasant', 'Biology', 2),
(455, 'Elwood Glazzard', 'Art', 3),
(456, 'Clem Asling', 'CS', 2),
(457, 'Adelice Otton', 'CS', 6),
(458, 'Celestyna Gambles', 'CS', 1),
(459, 'Wye Westman', 'CS', 3),
(460, 'Hedda Dallison', 'Maths', 4),
(461, 'Wynn Allawy', 'CS', 4),
(462, 'Van Cocker', 'CS', 4),
(463, 'Francisca Bagenal', 'Art', 3),
(464, 'Durward Marmion', 'Maths', 2),
(465, 'Liza Lufkin', 'CS', 4),
(466, 'Luci Geraghty', 'Biology', 5),
(467, 'Jeffie Petroulis', 'Art', 6),
(468, 'Delcina Hulks', 'CS', 3),
(469, 'Linnell Spieght', 'Art', 4),
(470, 'Maible Joll', 'Maths', 3),
(471, 'Rebecka Egginson', 'CS', 5),
(472, 'Des D’Avaux', 'Art', 4),
(473, 'Reggie Cowlard', 'Biology', 2),
(474, 'Joy Stoppe', 'Art', 4),
(475, 'Wendell Rivelon', 'Biology', 3),
(476, 'Vassili Haldon', 'Biology', 5),
(477, 'Benedict Dabourne', 'Maths', 2),
(478, 'Zitella Sign', 'Biology', 4),
(479, 'Rhiamon Hender', 'Biology', 6),
(480, 'Elizabeth Greenlees', 'Art', 3),
(481, 'Georgie Fidian', 'Art', 6),
(482, 'Waylin Maiklem', 'Biology', 3),
(483, 'Gabriel Showalter', 'Maths', 2),
(484, 'Phaidra Glasspoole', 'Art', 5),
(485, 'Vera Gregore', 'CS', 2),
(486, 'Angele Barbara', 'CS', 4),
(487, 'Marilin Benson', 'Art', 5),
(488, 'Torie Snalom', 'CS', 2),
(489, 'Cristine Yakovitch', 'Art', 2),
(490, 'Lev Duck', 'Maths', 5),
(491, 'Whitaker Daynter', 'Art', 3),
(492, 'Anastasia Setterfield', 'Biology', 5),
(493, 'Mirella Joust', 'Biology', 4),
(494, 'Adriano Albon', 'CS', 5),
(495, 'Zea Hume', 'Maths', 2),
(496, 'Xerxes Stannett', 'CS', 2),
(497, 'Crissie Vanelli', 'Art', 3),
(498, 'Briny Watsam', 'Art', 2),
(499, 'Mikol Doneld', 'Art', 3),
(500, 'Audi Letertre', 'Biology', 2),
(501, 'Lodovico Shower', 'CS', 2),
(502, 'Linn Du Plantier', 'Art', 1),
(503, 'Gardner Hayes', 'Biology', 5),
(504, 'Deva Rugg', 'Art', 4),
(505, 'Cariotta Bulstrode', 'Art', 6),
(506, 'Raviv Ingrey', 'Biology', 6),
(507, 'Dedra Iskow', 'Art', 5),
(508, 'Anderea Bere', 'Art', 4),
(509, 'Bryn Maso', 'Biology', 2),
(510, 'Juana Romans', 'Art', 1),
(511, 'Pam Gledhall', 'Biology', 4),
(512, 'Theressa Vanezis', 'CS', 4),
(513, 'Farand Keddie', 'Maths', 4),
(514, 'Jenda Masse', 'Art', 1),
(515, 'Matty McAvaddy', 'CS', 4),
(516, 'Camel Idel', 'Biology', 4),
(517, 'Nerty Iacobacci', 'Biology', 1),
(518, 'Lexie Lavis', 'Art', 2),
(519, 'Rourke Bicheno', 'Biology', 1),
(520, 'Susette Foucard', 'Biology', 5),
(521, 'Gilly Vogele', 'Art', 2),
(522, 'Otho Bruhnsen', 'Biology', 1),
(523, 'Lexis Branchett', 'Biology', 3),
(524, 'Durante Espadas', 'Art', 4),
(525, 'Trev Bernakiewicz', 'Art', 6),
(526, 'Spencer Farnie', 'Biology', 6),
(527, 'Maximo Alastair', 'CS', 6),
(528, 'Mirabella Bails', 'Biology', 4),
(529, 'Jakob Whight', 'Art', 3),
(530, 'Consuelo Orleton', 'Art', 2),
(531, 'Mickie Staten', 'Biology', 6),
(532, 'Leia Millsom', 'Maths', 3),
(533, 'Leanora Rafferty', 'Maths', 6),
(534, 'Corrinne Eagling', 'Biology', 3),
(535, 'Willamina Greave', 'CS', 1),
(536, 'Liam Kuhnwald', 'Maths', 5),
(537, 'Koralle Schruurs', 'Maths', 6),
(538, 'Anne-corinne Rosas', 'Biology', 6),
(539, 'Ardelia Wynrehame', 'CS', 4),
(540, 'Miranda Krause', 'Art', 2),
(541, 'Neil Llewhellin', 'Maths', 2),
(542, 'Winn Josephs', 'Maths', 1),
(543, 'Ozzie Ferfulle', 'Art', 5),
(544, 'Tamiko Drinkall', 'CS', 2),
(545, 'Sloan Astall', 'CS', 6),
(546, 'Celinka Gillet', 'Maths', 3),
(547, 'Ryley Saphir', 'Maths', 1),
(548, 'Guillemette Duligall', 'Maths', 2),
(549, 'Ninnetta Beeswing', 'Biology', 3),
(550, 'Lindsey Biggen', 'Art', 3),
(551, 'Sherlock Sloegrave', 'Art', 6),
(552, 'Merla Proffer', 'Art', 5),
(553, 'Janette Reignould', 'CS', 1),
(554, 'Jacquenette Marzello', 'Maths', 6),
(555, 'Trula Bossingham', 'CS', 4),
(556, 'Gertrud Irnys', 'CS', 6),
(557, 'Melisent Devericks', 'Art', 5),
(558, 'Nigel Ballinger', 'CS', 5),
(559, 'Hilario Werner', 'Biology', 6),
(560, 'Emory Bilsford', 'Maths', 3),
(561, 'Perry Sherbrooke', 'Maths', 5),
(562, 'Zorina Bencher', 'Biology', 4),
(563, 'Siward Ezele', 'CS', 2),
(564, 'Lucas Prewett', 'Maths', 3),
(565, 'Bondie Cosgreave', 'Maths', 1),
(566, 'Claiborne Howgill', 'CS', 6),
(567, 'Pegeen Richard', 'Maths', 5),
(568, 'Abby Middas', 'CS', 1),
(569, 'Elyssa Luff', 'Maths', 3),
(570, 'Waly Beauman', 'Biology', 4),
(571, 'Lula Rudgley', 'Biology', 5),
(572, 'Gare Petrusch', 'Biology', 6),
(573, 'Claybourne Norville', 'Maths', 2),
(574, 'Andrus Burdess', 'Biology', 1),
(575, 'Shanda Halliwell', 'CS', 2),
(576, 'Darcey Edworthie', 'Maths', 2),
(577, 'Justin Croker', 'Art', 3),
(578, 'Muriel Norres', 'Biology', 4),
(579, 'Brigid Houlison', 'Biology', 1),
(580, 'Arliene Scouse', 'Biology', 6),
(581, 'Alfredo Faichnie', 'Biology', 3),
(582, 'Genia Broadbridge', 'Art', 5),
(583, 'Maggie Rottgers', 'Maths', 4),
(584, 'Marijo Fernihough', 'Maths', 6),
(585, 'Rosalyn Leach', 'Maths', 4),
(586, 'Rosco Bole', 'Art', 5),
(587, 'Shae Philpott', 'Biology', 4),
(588, 'Fern Clashe', 'CS', 1),
(589, 'Sapphire Tommasetti', 'CS', 4),
(590, 'Alvera Nuttey', 'Maths', 2),
(591, 'Kaleena Portingale', 'CS', 4),
(592, 'Pierce Meneely', 'Maths', 5),
(593, 'Carilyn Hubbart', 'Art', 2),
(594, 'Venus Pimlock', 'CS', 6),
(595, 'Barnaby McCarl', 'CS', 4),
(596, 'Johnnie Crampsey', 'Maths', 5),
(597, 'Marian Drysdell', 'Biology', 4),
(598, 'Kizzie Spieck', 'CS', 4),
(599, 'Sharia Reckhouse', 'Art', 3),
(600, 'Wye Pagen', 'CS', 4),
(601, 'Des Walesa', 'Art', 6),
(602, 'Becki Loudyan', 'Maths', 1),
(603, 'Beverly Wreight', 'Art', 4),
(604, 'Genovera Fincher', 'CS', 5),
(605, 'Bevan Scohier', 'Maths', 4),
(606, 'Gasper Hallstone', 'Art', 6),
(607, 'Emmalyn Kernell', 'Art', 1),
(608, 'Ware Crepel', 'Art', 1),
(609, 'Wallace Biernacki', 'Art', 3),
(610, 'Marsh Strank', 'CS', 6),
(611, 'Liza Bentham', 'Maths', 3),
(612, 'Rubi Havenhand', 'Biology', 5),
(613, 'Ajay Jordin', 'Biology', 4),
(614, 'Olenolin Dunnan', 'Maths', 4),
(615, 'Isa Maria', 'Art', 1),
(616, 'Felicle Pitsall', 'Maths', 5),
(617, 'Josh Yosifov', 'Biology', 1),
(618, 'Robbyn Muldowney', 'Maths', 1),
(619, 'Celesta Beminster', 'CS', 4),
(620, 'Allyson Cicutto', 'Maths', 5),
(621, 'Sheila Foulks', 'Art', 5),
(622, 'Blayne Biss', 'Biology', 2),
(623, 'Cristabel Buffham', 'Maths', 1),
(624, 'Milly Cogzell', 'Biology', 1),
(625, 'Merrill Dodgshun', 'Art', 1),
(626, 'Hildagard Gokes', 'Art', 2),
(627, 'Liliane Crevagh', 'CS', 2),
(628, 'Joshua Twidell', 'Art', 6),
(629, 'Henri Scranedge', 'CS', 6),
(630, 'Johnny Senior', 'Maths', 6),
(631, 'Isabelle Fydoe', 'Art', 3),
(632, 'Babb Mantle', 'Art', 3),
(633, 'Ashley Primett', 'Maths', 2),
(634, 'Lazaro Ferrone', 'Maths', 2),
(635, 'Tallia Mincini', 'Art', 5),
(636, 'Aluin Belsey', 'CS', 6),
(637, 'Angelita Nowick', 'Maths', 3),
(638, 'Eileen Demongeot', 'Maths', 2),
(639, 'Major Monelle', 'Maths', 3),
(640, 'Sharl Saker', 'Maths', 4),
(641, 'Melania Grigorini', 'Biology', 6),
(642, 'Rockwell Bickardike', 'Biology', 3),
(643, 'Heath Conyers', 'Art', 4),
(644, 'Madelon Scamerdine', 'Biology', 2),
(645, 'Edvard Davidson', 'Maths', 4),
(646, 'Janos OMara', 'Art', 6),
(647, 'Addison Durtnell', 'CS', 3),
(648, 'Milli Simionato', 'Maths', 4),
(649, 'Thaddeus Hearnshaw', 'Biology', 6),
(650, 'Lilia McCaughren', 'Biology', 6),
(651, 'Vivia Stangroom', 'Biology', 5),
(652, 'Irvine Drinkale', 'Art', 6),
(653, 'Yehudi Pimerick', 'Art', 5),
(654, 'Hyacinthia Ruddy', 'CS', 3),
(655, 'Toby Ber', 'Biology', 6),
(656, 'Tymon Treagust', 'Maths', 3),
(657, 'Leonore Stanners', 'CS', 5),
(658, 'Christye Pouton', 'Art', 2),
(659, 'Sherilyn Peeters', 'Maths', 1),
(660, 'Lynnea Haffner', 'Maths', 4),
(661, 'Reinhold McIlwrick', 'CS', 2),
(662, 'Thibaud Bithany', 'Art', 1),
(663, 'Emile Calow', 'Art', 6),
(664, 'Cloris Creagh', 'Maths', 6),
(665, 'Fairfax Kennally', 'CS', 1),
(666, 'Barde Buttery', 'Biology', 1),
(667, 'Cross McCuis', 'CS', 4),
(668, 'Layton Bradneck', 'Biology', 6),
(669, 'Pat Skamell', 'Biology', 1),
(670, 'Darb Waberer', 'Biology', 5),
(671, 'Gilligan Poizer', 'Maths', 4),
(672, 'Marilin Beneteau', 'Art', 4),
(673, 'Ilario Bigland', 'Biology', 1),
(674, 'Walt Dunkirk', 'CS', 3),
(675, 'Andonis South', 'Maths', 1),
(676, 'Engracia Adnam', 'Maths', 6),
(677, 'Cleon Partrick', 'Art', 4),
(678, 'Alastair Fitchen', 'Art', 3),
(679, 'Garrick Mannock', 'Biology', 5),
(680, 'Cymbre Minigo', 'Maths', 5),
(681, 'Maryjo Assard', 'Art', 2),
(682, 'Sylvester Fransseni', 'Art', 2),
(683, 'Anatol Woolatt', 'Maths', 5),
(684, 'Jenilee Rosindill', 'Art', 4),
(685, 'Jo ann Jackson', 'Biology', 4),
(686, 'Frasquito Weatherdon', 'CS', 5),
(687, 'Marti Livsey', 'Art', 2),
(688, 'Dorotea Acum', 'CS', 6),
(689, 'Ulrika Holtom', 'CS', 2),
(690, 'Cornelia Berggren', 'Art', 1),
(691, 'Alex Huxstep', 'Maths', 5),
(692, 'Boyd Yeardley', 'Maths', 1),
(693, 'Gualterio Bagott', 'CS', 1),
(694, 'Carlynne Spilisy', 'Maths', 1),
(695, 'Valenka McGrudder', 'Art', 4),
(696, 'Sophi Coping', 'Biology', 3),
(697, 'Franciskus Eates', 'CS', 2),
(698, 'Juliann Beine', 'Art', 1),
(699, 'Killian Halifax', 'Biology', 2),
(700, 'Pam Braunstein', 'CS', 6),
(701, 'Audy Rigolle', 'Art', 4),
(702, 'Jordain Lory', 'Biology', 4),
(703, 'Geordie Juett', 'Art', 5),
(704, 'Clyve Champniss', 'CS', 4),
(705, 'Dody Dorking', 'Maths', 4),
(706, 'Lacee Downham', 'Biology', 5),
(707, 'Adelbert Fisher', 'CS', 2),
(708, 'Emmy Bum', 'Maths', 1),
(709, 'Sarajane Moughtin', 'Maths', 2),
(710, 'Waite Coll', 'Maths', 5),
(711, 'Franciskus DAlesio', 'Maths', 2),
(712, 'Gaultiero Starbucke', 'Biology', 5),
(713, 'Cindie Whiteland', 'Maths', 4),
(714, 'Lisha Nicholas', 'Maths', 6),
(715, 'Elbert Sheer', 'Biology', 4),
(716, 'Butch Orteu', 'CS', 5),
(717, 'Neal Herreros', 'Biology', 6),
(718, 'Carolyn Lemery', 'CS', 4),
(719, 'Claudius Sterrie', 'Art', 4),
(720, 'Brandie Slator', 'CS', 3),
(721, 'Creigh Cookley', 'CS', 5),
(722, 'Hinda Suff', 'Art', 1),
(723, 'Demetri Soppeth', 'Maths', 1),
(724, 'Aguie Davidek', 'Maths', 2),
(725, 'Lenna Kamiyama', 'Art', 5),
(726, 'Yorgo Bowen', 'Art', 2),
(727, 'Faber Gain', 'CS', 3),
(728, 'Benton Keller', 'CS', 3),
(729, 'Kesley Phillp', 'CS', 6),
(730, 'Lida Torald', 'Biology', 4),
(731, 'Hugibert Moraleda', 'CS', 4),
(732, 'Levon Karolowski', 'Biology', 3),
(733, 'Rachelle Stoven', 'Biology', 2),
(734, 'Ricky Baynon', 'Biology', 4),
(735, 'Barrie Sheldon', 'Biology', 6),
(736, 'Elissa Karlowicz', 'CS', 2),
(737, 'Jolyn Baddam', 'CS', 4),
(738, 'Erick Blick', 'Art', 4),
(739, 'Lodovico Fratson', 'CS', 2),
(740, 'Phillida Abdey', 'CS', 4),
(741, 'Arni Alday', 'Art', 6),
(742, 'Sheryl McElree', 'Biology', 1),
(743, 'Tresa Pinnigar', 'Maths', 3),
(744, 'Miner Tolchar', 'Biology', 6),
(745, 'Constanta Feast', 'Biology', 4),
(746, 'Galen Gallant', 'Biology', 5),
(747, 'Johnnie Matijevic', 'Biology', 6),
(748, 'Cindy Gallimore', 'Maths', 4),
(749, 'Isobel McFadden', 'CS', 1),
(750, 'Fulvia Jest', 'Biology', 4),
(751, 'Sigismond Bateup', 'Maths', 5),
(752, 'Vite Mournian', 'Biology', 6),
(753, 'Chickie Sagg', 'CS', 4),
(754, 'Deanna Galbreath', 'Biology', 5),
(755, 'Parker Firebrace', 'Art', 1),
(756, 'Scarlett Eary', 'Biology', 6),
(757, 'Janene Mayzes', 'Art', 5),
(758, 'Lydie Warwick', 'Maths', 3),
(759, 'Patin Rosenblum', 'Art', 1),
(760, 'Cairistiona Aggio', 'CS', 2),
(761, 'Madelon Lashmar', 'CS', 4),
(762, 'Fleur Jepson', 'Art', 4),
(763, 'Warren Chooter', 'Art', 6),
(764, 'Gay Inns', 'Art', 4),
(765, 'Aloin Harroway', 'Art', 4),
(766, 'Rad Arbon', 'Maths', 4),
(767, 'Blanch Schroder', 'Art', 1),
(768, 'Quintilla Watkiss', 'Maths', 4),
(769, 'Ranee Ellicott', 'Art', 6),
(770, 'Georgetta Lowings', 'Maths', 3),
(771, 'Dal Howsam', 'Art', 6),
(772, 'Jeremie Comoletti', 'CS', 4),
(773, 'Heidie Keirl', 'CS', 3),
(774, 'Tully Lambert', 'Biology', 4),
(775, 'Cary Van Arsdalen', 'Art', 6),
(776, 'Noll Thomsen', 'CS', 6),
(777, 'Jillian McKinn', 'CS', 3),
(778, 'Ola Watsham', 'CS', 5),
(779, 'Angelina Kedward', 'Biology', 1),
(780, 'Nikolaus Molder', 'Art', 4),
(781, 'Kalvin Loiseau', 'Maths', 3),
(782, 'Ninette Gatenby', 'Art', 3),
(783, 'Lexie Hathaway', 'Maths', 3),
(784, 'Nissy Filyukov', 'Maths', 3),
(785, 'Gabriele Notti', 'Biology', 1),
(786, 'Lon Ramalhete', 'Biology', 4),
(787, 'Adelina Orrett', 'Art', 1),
(788, 'Rodie Hopfer', 'CS', 3),
(789, 'Kakalina MacAlister', 'Maths', 5),
(790, 'Tymothy Hurst', 'Art', 4),
(791, 'Langston Allderidge', 'CS', 4),
(792, 'Robinette Christal', 'Biology', 4),
(793, 'Thoma Esposito', 'CS', 4),
(794, 'Nate Welford', 'Art', 4),
(795, 'Torie Cranson', 'CS', 6),
(796, 'Gaby Jarman', 'CS', 3),
(797, 'Tarrance Doncom', 'Biology', 1),
(798, 'Nance Wanley', 'CS', 1),
(799, 'Tudor Farge', 'CS', 3),
(800, 'Ches Ellam', 'Biology', 5),
(801, 'Yurik Markwell', 'Biology', 6),
(802, 'Farah MacDuffie', 'Biology', 5),
(803, 'Bud Mixworthy', 'Maths', 2),
(804, 'Alisun Pina', 'Biology', 3),
(805, 'Lenci Gouldthorp', 'Biology', 4),
(806, 'Sutherlan Bryer', 'Maths', 2),
(807, 'Paxon Botting', 'Maths', 5),
(808, 'Allene Carlson', 'Maths', 3),
(809, 'Teodorico Kirkbride', 'Biology', 4),
(810, 'Linoel Ropartz', 'CS', 2),
(811, 'Mordy Beelby', 'CS', 3),
(812, 'Friedrick Gurdon', 'Biology', 6),
(813, 'Katey Kisbey', 'Maths', 4),
(814, 'Jeramey Witherden', 'Maths', 4),
(815, 'Celine Falkingham', 'CS', 5),
(816, 'Hale St Clair', 'Art', 4),
(817, 'Welch Tidmas', 'CS', 3),
(818, 'Kendra Wallach', 'Maths', 6),
(819, 'Brittaney Edmondson', 'CS', 6),
(820, 'Albie Betke', 'Biology', 6),
(821, 'Anica Kirrens', 'Art', 3),
(822, 'Rafi Mainds', 'Biology', 4),
(823, 'Mei Clark', 'Biology', 3),
(824, 'Balduin Dalley', 'Art', 4),
(825, 'Wanda Docwra', 'Art', 6),
(826, 'Henry Edgerley', 'Art', 6),
(827, 'Abner Scragg', 'CS', 5),
(828, 'Rona Pimblott', 'Art', 3),
(829, 'Sylvia Pohlak', 'Biology', 2),
(830, 'Brant Juliff', 'Biology', 2),
(831, 'Gawen Tait', 'Biology', 4),
(832, 'Hali Simper', 'Biology', 6),
(833, 'Ginger Cloke', 'CS', 3),
(834, 'Christabel Friatt', 'CS', 4),
(835, 'Toddy Chanter', 'Biology', 2),
(836, 'Marwin Moncaster', 'Art', 5),
(837, 'Kiel Curphey', 'CS', 5),
(838, 'Darlene Woller', 'Art', 6),
(839, 'Taylor Buttel', 'Art', 6),
(840, 'Ester Sandwith', 'Biology', 1),
(841, 'Osbert Lillyman', 'Art', 6),
(842, 'Cari Gwyn', 'Art', 2),
(843, 'Ingra MacCafferky', 'CS', 3),
(844, 'Caz Sinderson', 'Biology', 2),
(845, 'Elsi Gregory', 'Art', 4),
(846, 'Kelley Rodgers', 'CS', 5),
(847, 'Fidelia Saull', 'CS', 3),
(848, 'Paxton Bremond', 'Art', 5),
(849, 'Dominick Fone', 'CS', 2),
(850, 'Shay Alphege', 'CS', 5),
(851, 'Germaine Treven', 'CS', 3),
(852, 'Ariana Blindermann', 'Art', 3),
(853, 'Skip Lembcke', 'Maths', 2),
(854, 'Tersina Caldayrou', 'Biology', 1),
(855, 'Donnie Juggins', 'Art', 6),
(856, 'Nicky Sparrow', 'CS', 3),
(857, 'Yvon Ing', 'Art', 3),
(858, 'Judith Haines', 'Biology', 2),
(859, 'Valeda Rebert', 'Biology', 6),
(860, 'Fiorenze Offer', 'Biology', 4),
(861, 'Marcello Tambling', 'Maths', 2),
(862, 'Carolus Quilligan', 'Art', 4),
(863, 'Harriette Jeens', 'Maths', 5),
(864, 'Onofredo Grieves', 'CS', 3),
(865, 'Bethina Littell', 'Art', 3),
(866, 'Siusan Debrick', 'Biology', 2),
(867, 'Deborah Osmund', 'Maths', 6),
(868, 'Minnnie Bradmore', 'Maths', 6),
(869, 'Erick Kibbee', 'Art', 3),
(870, 'Cicily Bulstrode', 'Biology', 5),
(871, 'Iolanthe Addionizio', 'Biology', 2),
(872, 'Ernaline Longstaff', 'Art', 5),
(873, 'Myron Rowlings', 'CS', 4),
(874, 'Ely Locock', 'Art', 1),
(875, 'Gauthier Dorbin', 'Biology', 3),
(876, 'Catlin Sherborn', 'Biology', 1),
(877, 'Aguistin Tock', 'Biology', 2),
(878, 'Aleece Muldoon', 'Biology', 5),
(879, 'Carlin Lytton', 'CS', 6),
(880, 'Catha Lightowler', 'Art', 1),
(881, 'Violet Birrell', 'Maths', 6),
(882, 'Donny Jedraszczyk', 'Biology', 4),
(883, 'Shaylyn Towne', 'Maths', 2),
(884, 'Martita Caldera', 'Art', 6),
(885, 'Alfy Scutchings', 'Maths', 4),
(886, 'Conny Colliss', 'Maths', 3),
(887, 'Theda Hiddy', 'CS', 5),
(888, 'Job Lomaz', 'Biology', 2),
(889, 'Eldredge Goudie', 'CS', 3),
(890, 'Eydie Brigg', 'CS', 3),
(891, 'Ailene Haseldine', 'CS', 2),
(892, 'Stacie Heggison', 'Biology', 6),
(893, 'Nehemiah Renneke', 'Maths', 3),
(894, 'Germaine Medforth', 'Art', 5),
(895, 'Berri Pizer', 'Art', 3),
(896, 'Coralyn Boshier', 'Biology', 2),
(897, 'Godfree Possel', 'CS', 5),
(898, 'Sadye Thackwray', 'Maths', 3),
(899, 'Abdel Rennles', 'Maths', 2),
(900, 'Vernor Cloney', 'Biology', 4);

INSERT INTO students (s_id, name, department, year) VALUES
(901, 'Northrup Tilburn', 'Art', 1),
(902, 'Tam Izakovitz', 'Maths', 5),
(903, 'Iggy McFee', 'Art', 1),
(904, 'Crichton Ohanessian', 'Maths', 4),
(905, 'Jillene Arcase', 'CS', 3),
(906, 'Kelcey Whittington', 'CS', 2),
(907, 'Klarika Strowthers', 'Biology', 3),
(908, 'Ruth Charette', 'Biology', 6),
(909, 'Lauri Kedslie', 'Maths', 4),
(910, 'Hildagard Eatock', 'Maths', 4),
(911, 'Pen Schade', 'CS', 2),
(912, 'Thekla Ousley', 'CS', 3),
(913, 'Doralynne Prendeville', 'Art', 6),
(914, 'Kathie Stoakes', 'Maths', 6),
(915, 'Yovonnda Bagehot', 'Art', 5),
(916, 'Diena Megahey', 'Biology', 3),
(917, 'Dimitry Szymon', 'CS', 5),
(918, 'Silvio Byrde', 'Maths', 1),
(919, 'Didi Grishankov', 'Maths', 4),
(920, 'Teodora Shrive', 'Art', 1),
(921, 'Zared Snape', 'Biology', 5),
(922, 'Joanna Beebis', 'Maths', 1),
(923, 'Granger Bruineman', 'Biology', 3),
(924, 'Cece Haug', 'Biology', 6),
(925, 'Matti Congrave', 'CS', 2),
(926, 'Jaye Frizzell', 'Maths', 4),
(927, 'Kylynn Foster-Smith', 'Biology', 6),
(928, 'Jed Tortoise', 'Art', 4),
(929, 'Stefa Hehir', 'Art', 6),
(930, 'Karla Etoile', 'Maths', 4),
(931, 'Fleming Norsworthy', 'Biology', 6),
(932, 'Townie Wombwell', 'Biology', 5),
(933, 'Lydon Dann', 'Biology', 5),
(934, 'Rudolfo Gillespey', 'Art', 6),
(935, 'Bartlet Edmed', 'Maths', 3),
(936, 'Jaimie Hannabus', 'Art', 4),
(937, 'Janene Howat', 'Maths', 4),
(938, 'Garret Szymczyk', 'Art', 1),
(939, 'Siffre Atthow', 'CS', 2),
(940, 'Berna Waldocke', 'Maths', 3),
(941, 'Sherlock Alexandrescu', 'Biology', 5),
(942, 'Bunni Lytlle', 'Biology', 4),
(943, 'Billie Rowsel', 'Art', 5),
(944, 'Yolanda Eberst', 'Biology', 1),
(945, 'Myrtie Gauge', 'CS', 2),
(946, 'Emanuel Grent', 'CS', 1),
(947, 'Micah Stockoe', 'Art', 1),
(948, 'Ferd Taylot', 'Biology', 1),
(949, 'Inglis Menear', 'CS', 3),
(950, 'Englebert Moffatt', 'CS', 2),
(951, 'Shena Brislan', 'CS', 4),
(952, 'Shalna Binton', 'Biology', 1),
(953, 'Cob Ardley', 'Maths', 3),
(954, 'Chip Croasdale', 'CS', 6),
(955, 'Boony OCannon', 'Art', 6),
(956, 'Corella Jersch', 'Biology', 4),
(957, 'Dodi Starr', 'Art', 1),
(958, 'Eamon Simes', 'Biology', 5),
(959, 'Kamila Prestidge', 'Maths', 4),
(960, 'Daloris Preshaw', 'CS', 1),
(961, 'Nadine LHomme', 'Art', 6),
(962, 'Wyatan Thandi', 'Maths', 6),
(963, 'Zonda Hutcheon', 'Art', 3),
(964, 'Vladamir Grief', 'Art', 6),
(965, 'Hanson Windress', 'Art', 2),
(966, 'Vinson Paolillo', 'CS', 1),
(967, 'Laetitia Trubshawe', 'Art', 3),
(968, 'Kalli Gremain', 'Art', 4),
(969, 'Demetria Lindup', 'Maths', 2),
(970, 'Shay Place', 'Art', 4),
(971, 'Dannel McHenry', 'Art', 3),
(972, 'Stephen Giffin', 'Maths', 6),
(973, 'Merna Blanch', 'Biology', 1),
(974, 'Arte Warwick', 'Art', 4),
(975, 'Randee Casserley', 'Maths', 6),
(976, 'Ambrosio Brakewell', 'CS', 4),
(977, 'Curr Dekeyser', 'CS', 6),
(978, 'Berkley Kaming', 'Maths', 5),
(979, 'Jemima Piddle', 'Art', 6),
(980, 'Jyoti Plain', 'CS', 5),
(981, 'Lorri Dunderdale', 'Maths', 3),
(982, 'Gennie MacKnight', 'Maths', 1),
(983, 'Gordan Iseton', 'Maths', 2),
(984, 'Leonora Nys', 'Maths', 3),
(985, 'Crissy Keling', 'CS', 4),
(986, 'Gloriane Redit', 'CS', 2),
(987, 'Haily Farrent', 'Maths', 4),
(988, 'Alard Petters', 'Art', 6),
(989, 'Leeanne Pourveer', 'CS', 6),
(990, 'Cleo Domenicone', 'Art', 3),
(991, 'Titos Pesselt', 'CS', 5),
(992, 'Elisabetta Kleeborn', 'Maths', 1),
(993, 'Madalyn ORoan', 'CS', 3),
(994, 'Kit MacCosty', 'CS', 4),
(995, 'Priscilla Klaassens', 'CS', 6),
(996, 'Dion Finnimore', 'Maths', 3),
(997, 'Ave Marcq', 'Art', 4),
(998, 'Neille McKellen', 'CS', 4),
(999, 'Nessie Pawelek', 'Maths', 1),
(1000, 'Deny Temblett', 'Art', 2);

/* Insert into Faculty */
INSERT INTO faculty (f_id, name, department) VALUES
(1, 'Merrick Wardingley', 'Biology'),
(2, 'Kerianne Sailes', 'Biology'),
(3, 'Hamlin Rist', 'Art'),
(4, 'Inglebert Van Vuuren', 'Biology'),
(5, 'Paten Kettell', 'Biology'),
(6, 'Mariam Elkins', 'CS'),
(7, 'Madlin Zold', 'Biology'),
(8, 'Ellissa Harfoot', 'CS'),
(9, 'Drusilla Thoumasson', 'Biology'),
(10, 'Alejandrina Catley', 'CS'),
(11, 'Standford Issatt', 'CS'),
(12, 'Georgine Dureden', 'Maths'),
(13, 'Cecil Jambrozek', 'Art'),
(14, 'Reginauld Kingsnorth', 'Maths'),
(15, 'Sydney Sawle', 'CS'),
(16, 'Cybil Lghan', 'Art'),
(17, 'Kendre Coule', 'CS'),
(18, 'Kari Walewicz', 'Maths'),
(19, 'Asher Lubbock', 'CS'),
(20, 'Conrad Give', 'Biology');

/* Insert into Courses */

INSERT INTO courses (c_id, f_id, name, credits) VALUES
(1, 1, 'Online Advertising', 2),
(2, 7, 'Euthanasia', 4),
(3, 18, 'uClinux', 2),
(4, 6, 'Lean Manufacturing', 1),
(5, 8, 'Yamaha PM5D', 5),
(6, 4, 'Two-way Radio', 1),
(7, 20, 'Interactive TV', 3),
(8, 8, 'Music', 2),
(9, 20, 'VCI', 3),
(10, 4, 'Oil Changes', 3),
(11, 3, 'Wildlife', 1),
(12, 16, 'Ember.js', 3),
(13, 7, 'VMware', 1),
(14, 10, 'SAP HR', 3),
(15, 7, 'DVB-T', 2),
(16, 2, 'NSPS', 4),
(17, 11, 'IMS DB/DC', 5),
(18, 4, 'Global Marketing', 4),
(19, 2, 'Twitter', 2),
(20, 19, 'Contemporary Art', 3),
(21, 12, 'Pipefitting', 5),
(22, 2, 'Construction', 1),
(23, 2, 'Credit Risk', 3),
(24, 1, 'Scientific Writing', 3),
(25, 14, 'Dbx', 2),
(26, 6, 'XFS', 1),
(27, 6, 'QA Engineering', 3),
(28, 13, 'SNOMED', 1),
(29, 15, 'AOI', 1),
(30, 10, 'PCRF', 4),
(31, 10, 'BDC programming', 2),
(32, 7, 'Axure RP', 3),
(33, 8, 'NTP', 1),
(34, 2, 'Hyperion Reports', 3),
(35, 16, 'ICT Consultancy', 3),
(36, 7, 'Certified DDI Facilitator', 1),
(37, 3, 'MDF', 4),
(38, 1, 'Ambulatory Care', 5),
(39, 2, 'EBPP', 3),
(40, 5, 'Land Development', 2),
(41, 4, 'EP', 2),
(42, 1, 'CBM', 1),
(43, 4, 'Squid', 1),
(44, 17, 'Duty Drawback', 2),
(45, 1, 'Waterfront', 1),
(46, 19, 'Strategic Alliances', 4),
(47, 6, 'AHLTA', 3),
(48, 20, 'General Insurance', 4),
(49, 17, 'RP', 5),
(50, 8, 'DDNS', 1),
(51, 11, 'Minority Owned', 1),
(52, 8, 'EBSCO', 5),
(53, 10, 'Job Analysis', 4),
(54, 2, 'PFGE', 2),
(55, 20, 'HR Software', 4),
(56, 5, 'PDCA', 1),
(57, 3, 'MMS', 5),
(58, 12, 'Screening Resumes', 3),
(59, 5, 'Rig', 2),
(60, 6, 'FCC License', 5);




/* Insert Into Enrollments */

INSERT INTO enrollments (s_id, c_id, date, status) VALUES
(687, 5, '10.02.2022', 'DONE'),
(134, 5, '09.04.2024', 'NOT DONE'),
(483, 30, '19.12.2016', 'DONE'),
(754, 49, '05.04.2023', 'NOT DONE'),
(330, 4, '12.11.2016', 'NOT DONE'),
(522, 33, '19.11.2024', 'DONE'),
(979, 47, '12.12.2018', 'DONE'),
(341, 9, '03.09.2020', 'NOT DONE'),
(1000, 46, '04.07.2018', 'NOT DONE'),
(352, 39, '06.04.2017', 'DONE'),
(549, 37, '20.12.2016', 'DONE'),
(598, 51, '28.08.2018', 'NOT DONE'),
(874, 39, '06.06.2022', 'NOT DONE'),
(823, 34, '19.05.2023', 'DONE'),
(146, 26, '04.08.2019', 'DONE'),
(138, 16, '05.03.2017', 'DONE'),
(690, 47, '07.11.2022', 'DONE'),
(810, 25, '19.12.2021', 'NOT DONE'),
(370, 39, '13.05.2023', 'NOT DONE'),
(983, 52, '28.01.2023', 'NOT DONE'),
(626, 58, '08.12.2018', 'NOT DONE'),
(999, 21, '27.06.2019', 'DONE'),
(384, 4, '01.03.2017', 'NOT DONE'),
(418, 16, '19.11.2024', 'DONE'),
(901, 44, '27.11.2020', 'NOT DONE'),
(588, 25, '30.04.2022', 'NOT DONE'),
(329, 18, '23.05.2024', 'NOT DONE'),
(335, 9, '26.05.2024', 'NOT DONE'),
(180, 17, '31.08.2024', 'DONE'),
(360, 29, '14.09.2017', 'DONE'),
(225, 24, '08.12.2022', 'DONE'),
(997, 4, '08.06.2018', 'DONE'),
(468, 29, '30.05.2017', 'NOT DONE'),
(505, 20, '26.01.2019', 'DONE'),
(133, 7, '21.10.2020', 'DONE'),
(468, 49, '10.01.2019', 'DONE'),
(141, 35, '30.07.2023', 'DONE'),
(950, 20, '31.08.2023', 'DONE'),
(910, 17, '30.11.2023', 'NOT DONE'),
(765, 24, '18.08.2020', 'NOT DONE'),
(616, 52, '06.12.2021', 'NOT DONE'),
(873, 34, '21.04.2022', 'NOT DONE'),
(300, 31, '04.11.2022', 'NOT DONE'),
(807, 35, '05.04.2018', 'DONE'),
(302, 51, '21.04.2023', 'DONE'),
(475, 57, '19.11.2020', 'NOT DONE'),
(235, 9, '19.03.2021', 'DONE'),
(611, 11, '10.07.2019', 'DONE'),
(142, 31, '15.03.2022', 'DONE'),
(495, 16, '18.08.2024', 'NOT DONE'),
(441, 26, '27.07.2022', 'NOT DONE'),
(94, 16, '18.09.2017', 'NOT DONE'),
(464, 40, '03.10.2018', 'NOT DONE'),
(338, 29, '08.01.2020', 'NOT DONE'),
(850, 28, '31.03.2020', 'NOT DONE'),
(50, 21, '04.12.2022', 'NOT DONE'),
(19, 28, '13.09.2024', 'DONE'),
(234, 45, '30.04.2024', 'DONE'),
(636, 59, '26.02.2021', 'NOT DONE'),
(73, 31, '06.07.2020', 'DONE'),
(204, 53, '04.08.2020', 'DONE'),
(374, 45, '27.07.2022', 'DONE'),
(38, 35, '06.05.2018', 'DONE'),
(273, 20, '14.04.2018', 'NOT DONE'),
(697, 20, '19.08.2019', 'DONE'),
(145, 13, '14.11.2021', 'DONE'),
(560, 11, '22.07.2017', 'NOT DONE'),
(962, 48, '10.04.2017', 'DONE'),
(95, 39, '04.11.2018', 'NOT DONE'),
(127, 32, '06.07.2022', 'DONE'),
(289, 55, '18.05.2024', 'NOT DONE'),
(720, 31, '03.02.2019', 'DONE'),
(343, 19, '06.08.2017', 'DONE'),
(69, 11, '28.02.2021', 'DONE'),
(598, 5, '15.06.2020', 'DONE'),
(570, 11, '10.12.2023', 'DONE'),
(503, 58, '25.12.2019', 'NOT DONE'),
(134, 36, '08.05.2021', 'DONE'),
(978, 20, '28.04.2018', 'DONE'),
(551, 56, '14.10.2021', 'NOT DONE'),
(63, 56, '27.05.2021', 'NOT DONE'),
(641, 13, '06.12.2020', 'DONE'),
(782, 46, '02.09.2022', 'NOT DONE'),
(984, 45, '03.07.2021', 'DONE'),
(404, 23, '22.04.2023', 'NOT DONE'),
(823, 55, '08.07.2017', 'NOT DONE'),
(288, 6, '29.08.2020', 'DONE'),
(107, 21, '10.01.2020', 'NOT DONE'),
(724, 23, '29.04.2020', 'DONE'),
(215, 17, '24.04.2021', 'NOT DONE'),
(743, 17, '27.01.2019', 'DONE'),
(309, 37, '31.12.2019', 'NOT DONE'),
(302, 10, '24.08.2017', 'NOT DONE'),
(56, 9, '30.08.2024', 'NOT DONE'),
(1, 35, '25.04.2021', 'DONE'),
(735, 33, '02.11.2016', 'DONE'),
(175, 4, '28.01.2017', 'DONE'),
(876, 15, '08.09.2017', 'NOT DONE'),
(766, 51, '17.02.2023', 'NOT DONE'),
(641, 54, '08.02.2024', 'DONE'),
(376, 49, '10.03.2023', 'DONE'),
(749, 7, '24.10.2019', 'DONE'),
(37, 11, '01.01.2021', 'DONE'),
(710, 22, '13.05.2019', 'NOT DONE'),
(950, 45, '28.04.2023', 'NOT DONE'),
(318, 20, '22.11.2021', 'DONE'),
(512, 12, '17.01.2020', 'NOT DONE'),
(170, 47, '29.06.2019', 'DONE'),
(881, 1, '22.08.2018', 'DONE'),
(607, 12, '14.10.2017', 'DONE'),
(114, 59, '07.03.2024', 'NOT DONE'),
(190, 50, '17.01.2023', 'DONE'),
(535, 53, '27.07.2021', 'DONE'),
(329, 1, '06.02.2018', 'DONE'),
(983, 55, '27.12.2018', 'DONE'),
(844, 13, '16.02.2020', 'NOT DONE'),
(259, 19, '25.12.2020', 'DONE'),
(934, 4, '09.01.2017', 'NOT DONE'),
(951, 50, '24.03.2022', 'NOT DONE'),
(822, 14, '21.11.2024', 'DONE'),
(576, 32, '07.04.2022', 'DONE'),
(359, 58, '11.12.2018', 'DONE'),
(393, 54, '29.07.2017', 'NOT DONE'),
(402, 24, '05.09.2022', 'NOT DONE'),
(75, 31, '11.02.2022', 'DONE'),
(339, 17, '11.09.2019', 'DONE'),
(699, 5, '17.01.2022', 'NOT DONE'),
(485, 25, '06.07.2022', 'NOT DONE'),
(632, 19, '28.06.2023', 'DONE'),
(529, 25, '14.01.2019', 'NOT DONE'),
(815, 3, '25.11.2019', 'DONE'),
(294, 39, '16.10.2021', 'NOT DONE'),
(975, 4, '20.04.2017', 'NOT DONE'),
(248, 48, '14.10.2024', 'DONE'),
(761, 39, '16.05.2024', 'NOT DONE'),
(363, 49, '19.06.2020', 'NOT DONE'),
(44, 16, '22.09.2021', 'NOT DONE'),
(240, 33, '12.12.2024', 'DONE'),
(229, 60, '20.05.2022', 'NOT DONE'),
(347, 8, '07.09.2020', 'DONE'),
(638, 12, '20.08.2024', 'DONE'),
(684, 27, '07.04.2023', 'NOT DONE'),
(391, 19, '27.08.2021', 'DONE'),
(267, 48, '09.10.2018', 'NOT DONE'),
(466, 21, '27.05.2019', 'DONE'),
(598, 42, '18.09.2017', 'DONE'),
(708, 15, '11.12.2021', 'DONE'),
(822, 50, '30.09.2023', 'NOT DONE'),
(283, 32, '25.06.2020', 'DONE'),
(421, 22, '06.02.2021', 'DONE'),
(264, 22, '04.01.2019', 'DONE'),
(848, 14, '27.01.2022', 'NOT DONE'),
(471, 3, '31.05.2023', 'NOT DONE'),
(189, 56, '30.04.2022', 'DONE'),
(272, 33, '07.08.2018', 'NOT DONE'),
(29, 55, '30.06.2017', 'NOT DONE'),
(802, 55, '09.05.2020', 'DONE'),
(734, 43, '02.04.2020', 'NOT DONE'),
(585, 57, '27.06.2022', 'NOT DONE'),
(98, 49, '25.05.2019', 'NOT DONE'),
(581, 2, '03.11.2024', 'NOT DONE'),
(991, 58, '27.06.2021', 'DONE'),
(177, 16, '26.09.2023', 'DONE'),
(920, 58, '07.11.2023', 'NOT DONE'),
(196, 44, '29.04.2023', 'DONE'),
(914, 31, '22.01.2022', 'DONE'),
(278, 13, '06.06.2023', 'NOT DONE'),
(172, 41, '08.06.2017', 'NOT DONE'),
(954, 56, '23.07.2022', 'DONE'),
(780, 31, '07.10.2024', 'NOT DONE'),
(155, 14, '06.08.2020', 'DONE'),
(185, 42, '08.09.2023', 'NOT DONE'),
(610, 55, '28.07.2024', 'DONE'),
(137, 54, '24.12.2022', 'NOT DONE'),
(424, 40, '03.10.2021', 'NOT DONE'),
(409, 60, '18.11.2019', 'NOT DONE'),
(149, 12, '09.04.2017', 'DONE'),
(231, 2, '21.09.2017', 'DONE'),
(263, 40, '23.04.2017', 'NOT DONE'),
(234, 25, '19.11.2016', 'NOT DONE'),
(103, 10, '06.01.2025', 'NOT DONE'),
(282, 28, '24.04.2020', 'DONE'),
(863, 5, '06.01.2021', 'DONE'),
(227, 18, '17.03.2023', 'NOT DONE'),
(230, 55, '05.02.2017', 'DONE'),
(791, 58, '21.07.2019', 'DONE'),
(404, 38, '02.11.2017', 'DONE'),
(973, 14, '10.11.2022', 'DONE'),
(914, 13, '07.06.2024', 'DONE'),
(162, 58, '10.09.2020', 'NOT DONE'),
(641, 15, '01.07.2024', 'NOT DONE'),
(27, 57, '22.10.2022', 'DONE'),
(442, 25, '17.07.2020', 'DONE'),
(573, 57, '19.10.2023', 'NOT DONE'),
(78, 13, '24.10.2022', 'NOT DONE'),
(611, 43, '26.12.2016', 'DONE'),
(130, 28, '09.05.2020', 'DONE'),
(750, 36, '05.07.2019', 'NOT DONE'),
(796, 24, '22.09.2023', 'DONE'),
(211, 2, '28.06.2020', 'NOT DONE'),
(806, 41, '21.09.2018', 'NOT DONE'),
(709, 59, '26.06.2021', 'NOT DONE'),
(491, 51, '16.08.2021', 'NOT DONE'),
(256, 48, '04.12.2024', 'DONE'),
(67, 27, '06.02.2021', 'DONE'),
(458, 52, '04.10.2021', 'NOT DONE'),
(527, 5, '04.09.2019', 'NOT DONE'),
(733, 51, '03.01.2020', 'NOT DONE'),
(753, 50, '19.10.2022', 'NOT DONE'),
(530, 50, '13.12.2016', 'DONE'),
(373, 35, '06.06.2018', 'DONE'),
(755, 6, '22.12.2021', 'NOT DONE'),
(752, 18, '03.11.2022', 'NOT DONE'),
(733, 4, '15.11.2016', 'NOT DONE'),
(955, 1, '25.12.2018', 'DONE'),
(716, 9, '05.11.2019', 'DONE'),
(300, 10, '18.11.2016', 'DONE'),
(1, 15, '22.09.2017', 'DONE'),
(626, 11, '31.12.2021', 'DONE'),
(44, 13, '21.01.2024', 'DONE'),
(889, 13, '10.05.2017', 'NOT DONE'),
(525, 50, '14.03.2019', 'DONE'),
(467, 55, '15.02.2019', 'NOT DONE'),
(636, 9, '10.06.2019', 'DONE'),
(586, 40, '23.01.2019', 'DONE'),
(510, 55, '18.01.2024', 'DONE'),
(295, 5, '30.07.2022', 'DONE'),
(765, 36, '02.08.2021', 'NOT DONE'),
(4, 1, '21.07.2019', 'DONE'),
(624, 12, '04.11.2016', 'NOT DONE'),
(909, 59, '13.05.2019', 'DONE'),
(951, 59, '10.01.2024', 'DONE'),
(2, 52, '14.02.2018', 'DONE'),
(95, 54, '30.06.2017', 'DONE'),
(138, 27, '10.06.2018', 'DONE'),
(71, 57, '25.07.2021', 'DONE'),
(804, 27, '09.08.2023', 'DONE'),
(324, 47, '29.12.2020', 'DONE'),
(906, 20, '05.01.2017', 'NOT DONE'),
(235, 7, '07.05.2023', 'DONE'),
(366, 22, '23.08.2020', 'DONE'),
(324, 4, '20.07.2018', 'DONE'),
(595, 6, '22.02.2023', 'NOT DONE'),
(271, 26, '04.11.2017', 'NOT DONE'),
(537, 56, '25.12.2016', 'DONE'),
(490, 10, '04.05.2023', 'NOT DONE'),
(438, 29, '30.04.2024', 'DONE'),
(133, 36, '23.04.2021', 'NOT DONE'),
(164, 18, '22.10.2019', 'DONE'),
(288, 17, '10.01.2018', 'DONE'),
(49, 51, '26.06.2022', 'NOT DONE'),
(803, 50, '16.06.2024', 'NOT DONE'),
(735, 9, '11.08.2022', 'DONE'),
(791, 20, '13.04.2019', 'DONE'),
(663, 33, '28.04.2022', 'DONE'),
(6, 48, '11.07.2023', 'DONE'),
(427, 45, '06.07.2021', 'NOT DONE'),
(86, 3, '27.06.2019', 'DONE'),
(348, 50, '17.05.2019', 'NOT DONE'),
(44, 45, '11.04.2022', 'NOT DONE'),
(530, 6, '05.12.2017', 'NOT DONE'),
(54, 2, '20.11.2017', 'NOT DONE'),
(206, 60, '03.05.2024', 'NOT DONE'),
(641, 57, '23.05.2021', 'DONE'),
(452, 50, '10.10.2019', 'NOT DONE'),
(5, 9, '21.04.2021', 'NOT DONE'),
(564, 30, '18.02.2019', 'NOT DONE'),
(824, 36, '10.04.2022', 'NOT DONE'),
(876, 57, '06.03.2021', 'DONE'),
(714, 25, '21.03.2019', 'NOT DONE'),
(265, 13, '20.09.2022', 'NOT DONE'),
(937, 25, '22.07.2020', 'DONE'),
(813, 3, '15.12.2024', 'DONE'),
(582, 37, '28.10.2020', 'DONE'),
(635, 37, '06.11.2016', 'NOT DONE'),
(70, 48, '22.04.2019', 'DONE'),
(335, 45, '14.04.2017', 'DONE'),
(955, 29, '16.11.2022', 'NOT DONE'),
(877, 16, '17.09.2019', 'DONE'),
(332, 7, '06.06.2020', 'NOT DONE'),
(75, 21, '06.12.2023', 'DONE'),
(99, 12, '12.09.2020', 'NOT DONE'),
(911, 34, '27.11.2023', 'DONE'),
(895, 30, '21.01.2017', 'NOT DONE'),
(952, 34, '21.08.2023', 'NOT DONE'),
(524, 39, '13.04.2021', 'NOT DONE'),
(546, 42, '10.01.2020', 'NOT DONE'),
(277, 19, '03.04.2020', 'NOT DONE'),
(257, 34, '23.01.2017', 'DONE'),
(278, 47, '19.04.2018', 'NOT DONE'),
(38, 18, '06.06.2023', 'NOT DONE'),
(378, 16, '23.02.2019', 'NOT DONE'),
(210, 6, '01.08.2017', 'NOT DONE'),
(914, 57, '27.11.2016', 'NOT DONE'),
(434, 26, '22.11.2018', 'DONE'),
(985, 31, '15.11.2021', 'DONE'),
(62, 26, '08.03.2024', 'DONE'),
(13, 30, '11.11.2019', 'DONE'),
(825, 15, '11.01.2019', 'NOT DONE'),
(551, 40, '05.10.2021', 'DONE'),
(694, 3, '17.01.2024', 'NOT DONE'),
(986, 49, '08.06.2021', 'DONE'),
(656, 20, '02.04.2019', 'NOT DONE'),
(378, 4, '17.05.2022', 'DONE'),
(29, 25, '16.07.2020', 'DONE'),
(487, 43, '03.12.2023', 'NOT DONE'),
(102, 47, '25.11.2019', 'DONE'),
(889, 9, '27.06.2022', 'NOT DONE'),
(162, 29, '23.02.2023', 'DONE'),
(440, 39, '18.05.2021', 'NOT DONE'),
(252, 54, '10.07.2019', 'NOT DONE'),
(481, 38, '13.02.2019', 'DONE'),
(935, 14, '13.05.2018', 'NOT DONE'),
(570, 3, '25.03.2023', 'NOT DONE'),
(554, 16, '24.08.2018', 'DONE'),
(517, 10, '12.05.2023', 'DONE'),
(926, 60, '26.09.2022', 'DONE'),
(696, 48, '20.12.2017', 'DONE'),
(762, 48, '18.07.2017', 'DONE'),
(442, 53, '15.04.2022', 'NOT DONE'),
(747, 38, '06.06.2020', 'DONE'),
(124, 27, '02.09.2023', 'NOT DONE'),
(60, 58, '27.09.2021', 'NOT DONE'),
(938, 57, '23.03.2022', 'NOT DONE'),
(997, 52, '12.11.2016', 'DONE'),
(891, 50, '06.01.2021', 'DONE'),
(521, 51, '08.02.2023', 'NOT DONE'),
(996, 33, '01.08.2017', 'DONE'),
(539, 54, '08.07.2023', 'NOT DONE'),
(987, 56, '18.02.2018', 'DONE'),
(960, 18, '08.08.2022', 'DONE'),
(75, 41, '02.12.2023', 'DONE'),
(66, 11, '10.08.2019', 'DONE'),
(112, 29, '21.08.2018', 'NOT DONE'),
(294, 59, '05.11.2024', 'DONE'),
(961, 47, '08.05.2023', 'NOT DONE'),
(637, 6, '13.01.2018', 'DONE'),
(516, 56, '05.10.2019', 'DONE'),
(574, 36, '12.06.2020', 'NOT DONE'),
(692, 37, '15.02.2018', 'DONE'),
(980, 24, '16.04.2024', 'NOT DONE'),
(657, 30, '09.12.2016', 'NOT DONE'),
(974, 43, '02.08.2019', 'NOT DONE'),
(989, 6, '21.04.2023', 'DONE'),
(146, 48, '15.02.2024', 'DONE'),
(519, 25, '12.07.2022', 'DONE'),
(490, 27, '01.11.2016', 'NOT DONE'),
(737, 11, '06.06.2022', 'NOT DONE'),
(211, 8, '25.11.2021', 'NOT DONE'),
(967, 34, '10.09.2023', 'NOT DONE'),
(504, 11, '26.06.2024', 'DONE'),
(838, 11, '13.12.2017', 'NOT DONE'),
(432, 34, '25.09.2018', 'DONE'),
(161, 47, '21.10.2024', 'NOT DONE'),
(588, 34, '15.10.2023', 'DONE'),
(804, 10, '15.06.2023', 'NOT DONE'),
(496, 15, '04.12.2021', 'DONE'),
(838, 43, '30.03.2024', 'NOT DONE'),
(603, 16, '15.08.2020', 'DONE'),
(239, 26, '11.05.2019', 'NOT DONE'),
(222, 51, '27.06.2022', 'DONE'),
(166, 38, '06.05.2024', 'DONE'),
(353, 38, '12.03.2019', 'NOT DONE'),
(971, 36, '01.03.2023', 'DONE'),
(25, 41, '24.03.2017', 'NOT DONE'),
(811, 53, '31.03.2023', 'DONE'),
(770, 28, '13.01.2024', 'DONE'),
(758, 19, '28.04.2020', 'NOT DONE'),
(46, 4, '20.05.2017', 'NOT DONE'),
(495, 37, '08.05.2023', 'NOT DONE'),
(693, 60, '06.05.2017', 'DONE'),
(459, 51, '16.12.2024', 'DONE'),
(944, 33, '29.10.2020', 'NOT DONE'),
(528, 30, '06.07.2024', 'DONE'),
(692, 56, '05.11.2018', 'NOT DONE'),
(490, 56, '26.06.2024', 'DONE'),
(10, 10, '29.03.2017', 'DONE'),
(24, 23, '06.07.2019', 'DONE'),
(529, 13, '14.06.2021', 'NOT DONE'),
(44, 39, '08.11.2020', 'DONE'),
(361, 59, '18.07.2020', 'DONE'),
(62, 46, '19.12.2018', 'NOT DONE'),
(819, 2, '24.08.2020', 'NOT DONE'),
(575, 21, '22.04.2019', 'DONE'),
(438, 15, '25.05.2021', 'DONE'),
(836, 8, '09.06.2019', 'DONE'),
(942, 49, '06.01.2023', 'DONE'),
(203, 30, '15.01.2022', 'NOT DONE'),
(594, 51, '17.04.2024', 'NOT DONE'),
(518, 35, '23.10.2018', 'DONE'),
(230, 56, '16.09.2018', 'NOT DONE'),
(630, 29, '14.11.2023', 'NOT DONE'),
(862, 40, '02.10.2023', 'NOT DONE'),
(104, 44, '25.11.2017', 'DONE'),
(169, 8, '24.03.2022', 'NOT DONE'),
(345, 34, '31.01.2017', 'NOT DONE'),
(617, 60, '29.05.2023', 'DONE'),
(569, 11, '11.03.2022', 'DONE'),
(346, 40, '27.01.2021', 'NOT DONE'),
(457, 45, '08.08.2020', 'DONE'),
(948, 34, '02.01.2017', 'DONE'),
(32, 52, '09.02.2023', 'DONE'),
(147, 40, '20.12.2016', 'DONE'),
(314, 21, '22.10.2024', 'NOT DONE'),
(10, 34, '22.07.2020', 'NOT DONE'),
(61, 2, '23.04.2021', 'DONE'),
(20, 50, '23.06.2018', 'DONE'),
(972, 49, '07.01.2023', 'NOT DONE'),
(867, 60, '11.04.2023', 'DONE'),
(477, 38, '02.09.2019', 'NOT DONE'),
(813, 37, '18.09.2022', 'NOT DONE'),
(864, 52, '27.10.2024', 'DONE'),
(876, 42, '24.08.2019', 'DONE'),
(344, 39, '17.09.2024', 'NOT DONE'),
(197, 48, '12.04.2024', 'NOT DONE'),
(630, 39, '11.01.2019', 'DONE'),
(56, 57, '11.04.2023', 'DONE'),
(903, 9, '05.03.2022', 'NOT DONE'),
(953, 15, '24.04.2022', 'NOT DONE'),
(286, 33, '07.03.2018', 'DONE'),
(277, 1, '10.06.2022', 'NOT DONE'),
(151, 26, '03.04.2022', 'NOT DONE'),
(961, 24, '13.08.2023', 'DONE'),
(596, 27, '09.06.2017', 'DONE'),
(318, 9, '22.01.2019', 'NOT DONE'),
(425, 16, '10.03.2024', 'NOT DONE'),
(561, 9, '19.12.2017', 'DONE'),
(475, 59, '05.09.2023', 'NOT DONE'),
(621, 40, '10.08.2020', 'DONE'),
(294, 46, '12.05.2017', 'DONE'),
(968, 12, '15.10.2017', 'NOT DONE'),
(350, 34, '21.06.2022', 'NOT DONE'),
(468, 9, '17.01.2018', 'DONE'),
(217, 4, '06.07.2020', 'NOT DONE'),
(570, 8, '09.12.2019', 'DONE'),
(560, 2, '26.02.2018', 'DONE'),
(663, 48, '27.01.2022', 'DONE'),
(467, 14, '30.09.2021', 'NOT DONE'),
(225, 44, '08.09.2019', 'NOT DONE'),
(750, 6, '05.06.2017', 'DONE'),
(29, 54, '04.06.2022', 'DONE'),
(509, 23, '09.07.2023', 'NOT DONE'),
(16, 16, '03.09.2021', 'NOT DONE'),
(522, 37, '03.09.2017', 'DONE'),
(714, 18, '02.10.2022', 'NOT DONE'),
(126, 15, '16.05.2017', 'DONE'),
(234, 9, '06.10.2019', 'NOT DONE'),
(45, 13, '15.10.2018', 'NOT DONE'),
(488, 46, '29.03.2022', 'NOT DONE'),
(264, 12, '25.01.2018', 'NOT DONE'),
(505, 38, '27.07.2019', 'NOT DONE'),
(744, 35, '16.11.2020', 'DONE'),
(574, 49, '18.01.2023', 'NOT DONE'),
(337, 22, '14.10.2022', 'NOT DONE'),
(37, 43, '17.01.2022', 'NOT DONE'),
(187, 29, '12.12.2018', 'NOT DONE'),
(147, 45, '20.12.2016', 'DONE'),
(226, 35, '22.11.2017', 'NOT DONE'),
(173, 28, '16.02.2020', 'DONE'),
(976, 28, '07.04.2023', 'NOT DONE'),
(837, 39, '16.10.2017', 'NOT DONE'),
(303, 10, '26.06.2023', 'DONE'),
(360, 45, '15.11.2016', 'NOT DONE'),
(860, 35, '21.10.2021', 'DONE'),
(558, 48, '04.11.2021', 'NOT DONE'),
(674, 24, '08.10.2017', 'DONE'),
(488, 45, '28.07.2017', 'NOT DONE'),
(379, 16, '06.03.2021', 'NOT DONE'),
(435, 49, '30.01.2021', 'DONE'),
(65, 39, '29.04.2019', 'NOT DONE'),
(958, 32, '12.07.2022', 'DONE'),
(703, 50, '07.04.2017', 'DONE'),
(798, 21, '01.07.2021', 'DONE'),
(370, 2, '14.02.2017', 'NOT DONE'),
(851, 41, '22.07.2018', 'DONE'),
(588, 9, '11.01.2021', 'NOT DONE'),
(809, 5, '15.05.2023', 'DONE'),
(886, 30, '14.05.2022', 'NOT DONE'),
(730, 24, '20.11.2017', 'DONE'),
(959, 1, '22.04.2020', 'DONE'),
(707, 23, '26.02.2019', 'NOT DONE'),
(99, 24, '18.08.2022', 'NOT DONE'),
(160, 14, '30.07.2022', 'NOT DONE'),
(466, 16, '20.04.2022', 'DONE'),
(561, 14, '30.07.2023', 'NOT DONE'),
(232, 60, '12.07.2019', 'DONE'),
(961, 55, '29.04.2023', 'DONE'),
(259, 24, '15.08.2017', 'DONE'),
(8, 50, '18.03.2021', 'NOT DONE'),
(410, 50, '09.12.2016', 'NOT DONE'),
(758, 54, '01.09.2020', 'NOT DONE'),
(223, 55, '23.04.2017', 'DONE'),
(663, 13, '28.01.2017', 'DONE'),
(651, 14, '27.02.2020', 'NOT DONE'),
(542, 54, '28.05.2021', 'DONE'),
(598, 49, '07.02.2024', 'DONE'),
(791, 19, '03.05.2017', 'DONE'),
(330, 43, '25.03.2024', 'DONE'),
(800, 30, '21.08.2022', 'NOT DONE'),
(653, 48, '01.09.2023', 'NOT DONE'),
(15, 28, '02.11.2021', 'NOT DONE'),
(312, 35, '14.08.2021', 'DONE'),
(910, 15, '21.02.2018', 'DONE'),
(160, 32, '06.12.2017', 'DONE'),
(932, 55, '22.12.2019', 'NOT DONE'),
(145, 26, '29.01.2022', 'DONE'),
(227, 47, '15.06.2024', 'NOT DONE'),
(347, 21, '08.02.2021', 'DONE'),
(2, 42, '29.11.2018', 'NOT DONE'),
(331, 38, '17.09.2022', 'NOT DONE'),
(579, 46, '20.10.2018', 'DONE'),
(484, 25, '23.10.2021', 'DONE'),
(217, 56, '16.02.2019', 'DONE'),
(497, 56, '26.05.2019', 'DONE'),
(525, 56, '10.06.2018', 'DONE'),
(453, 37, '15.01.2022', 'NOT DONE'),
(869, 27, '01.06.2024', 'DONE'),
(318, 23, '16.01.2017', 'NOT DONE'),
(593, 43, '02.06.2021', 'NOT DONE'),
(469, 53, '18.02.2019', 'DONE'),
(322, 41, '09.01.2022', 'NOT DONE'),
(447, 56, '05.07.2024', 'NOT DONE'),
(970, 24, '17.04.2022', 'NOT DONE'),
(931, 1, '22.12.2023', 'NOT DONE'),
(821, 36, '23.02.2024', 'DONE'),
(775, 22, '06.04.2018', 'NOT DONE'),
(732, 7, '21.01.2021', 'NOT DONE'),
(940, 24, '23.03.2023', 'NOT DONE'),
(977, 9, '07.06.2017', 'NOT DONE'),
(313, 32, '16.02.2017', 'DONE'),
(817, 33, '14.08.2017', 'DONE'),
(313, 43, '05.11.2020', 'DONE'),
(259, 6, '29.02.2024', 'DONE'),
(108, 27, '09.04.2017', 'DONE'),
(54, 49, '04.03.2020', 'DONE'),
(840, 57, '02.06.2020', 'DONE'),
(988, 54, '26.06.2021', 'DONE'),
(752, 40, '29.08.2020', 'NOT DONE'),
(461, 29, '11.11.2020', 'DONE'),
(767, 7, '20.07.2024', 'NOT DONE'),
(687, 48, '27.06.2018', 'NOT DONE'),
(712, 58, '11.05.2022', 'NOT DONE'),
(338, 11, '23.10.2023', 'DONE'),
(167, 42, '09.11.2023', 'DONE'),
(446, 39, '31.10.2024', 'DONE'),
(967, 12, '06.06.2021', 'DONE'),
(831, 5, '14.01.2023', 'NOT DONE'),
(853, 7, '18.05.2018', 'NOT DONE'),
(133, 18, '29.12.2021', 'NOT DONE'),
(461, 20, '07.11.2020', 'DONE'),
(859, 60, '24.08.2023', 'DONE'),
(660, 59, '29.02.2024', 'DONE'),
(706, 28, '21.01.2018', 'DONE'),
(758, 15, '15.06.2022', 'NOT DONE'),
(119, 48, '31.07.2022', 'DONE'),
(484, 48, '27.06.2022', 'DONE'),
(871, 57, '11.06.2018', 'NOT DONE'),
(606, 13, '31.01.2022', 'NOT DONE'),
(215, 8, '18.11.2022', 'NOT DONE'),
(521, 37, '23.03.2017', 'NOT DONE'),
(654, 60, '27.12.2018', 'DONE'),
(762, 16, '10.07.2020', 'NOT DONE'),
(674, 23, '10.09.2022', 'DONE'),
(173, 41, '04.06.2024', 'DONE'),
(293, 38, '22.09.2021', 'NOT DONE'),
(605, 15, '26.09.2020', 'NOT DONE'),
(129, 13, '24.05.2022', 'DONE'),
(169, 57, '23.11.2019', 'NOT DONE'),
(334, 17, '20.09.2017', 'NOT DONE'),
(78, 17, '02.03.2020', 'DONE'),
(860, 35, '24.11.2019', 'NOT DONE'),
(9, 28, '07.03.2023', 'NOT DONE'),
(778, 46, '16.07.2023', 'DONE'),
(308, 58, '07.05.2021', 'NOT DONE'),
(53, 18, '11.07.2021', 'DONE'),
(4, 24, '07.09.2018', 'DONE'),
(147, 52, '05.01.2025', 'DONE'),
(848, 20, '09.01.2023', 'DONE'),
(795, 1, '11.10.2017', 'NOT DONE'),
(446, 19, '24.03.2017', 'DONE'),
(709, 2, '18.01.2024', 'DONE'),
(492, 37, '21.09.2022', 'NOT DONE'),
(705, 1, '19.09.2021', 'NOT DONE'),
(148, 45, '22.03.2017', 'NOT DONE'),
(527, 16, '25.05.2023', 'NOT DONE'),
(464, 42, '25.02.2019', 'NOT DONE'),
(400, 35, '24.04.2017', 'NOT DONE'),
(618, 30, '08.10.2017', 'NOT DONE'),
(577, 26, '25.04.2020', 'NOT DONE'),
(741, 31, '24.07.2018', 'DONE'),
(813, 57, '19.06.2023', 'DONE'),
(824, 16, '11.08.2024', 'DONE'),
(420, 22, '23.11.2018', 'DONE'),
(263, 23, '22.09.2018', 'NOT DONE'),
(342, 47, '31.12.2023', 'NOT DONE'),
(368, 56, '28.01.2017', 'NOT DONE'),
(437, 47, '15.01.2017', 'DONE'),
(795, 14, '06.10.2022', 'DONE'),
(388, 13, '19.05.2018', 'NOT DONE'),
(220, 28, '22.02.2023', 'DONE'),
(186, 49, '17.11.2016', 'NOT DONE'),
(935, 47, '13.04.2024', 'DONE'),
(702, 22, '21.07.2021', 'DONE'),
(465, 5, '12.04.2022', 'DONE'),
(427, 27, '27.06.2017', 'NOT DONE'),
(509, 41, '13.09.2017', 'DONE'),
(429, 55, '12.09.2018', 'NOT DONE'),
(845, 1, '27.09.2021', 'NOT DONE'),
(987, 29, '19.04.2019', 'DONE'),
(946, 20, '02.05.2024', 'DONE'),
(459, 46, '07.11.2017', 'DONE'),
(529, 16, '06.12.2024', 'DONE'),
(524, 45, '04.07.2023', 'NOT DONE'),
(552, 44, '23.06.2018', 'DONE'),
(353, 40, '24.11.2018', 'DONE'),
(527, 44, '21.11.2022', 'NOT DONE'),
(414, 17, '18.04.2017', 'DONE'),
(307, 57, '22.11.2021', 'DONE'),
(373, 16, '23.02.2020', 'DONE'),
(505, 7, '31.03.2024', 'NOT DONE'),
(367, 7, '31.07.2024', 'DONE'),
(441, 29, '15.09.2023', 'NOT DONE'),
(6, 50, '23.12.2016', 'NOT DONE'),
(600, 60, '26.03.2022', 'NOT DONE'),
(25, 37, '31.03.2021', 'NOT DONE'),
(372, 49, '07.07.2024', 'DONE'),
(415, 25, '16.10.2020', 'DONE'),
(206, 14, '14.07.2018', 'DONE'),
(560, 4, '25.11.2019', 'NOT DONE'),
(920, 21, '06.02.2022', 'NOT DONE'),
(456, 6, '10.12.2016', 'DONE'),
(179, 38, '05.12.2016', 'DONE'),
(722, 46, '01.05.2020', 'NOT DONE'),
(816, 24, '09.11.2017', 'NOT DONE'),
(82, 46, '14.01.2017', 'NOT DONE'),
(140, 29, '27.02.2018', 'DONE'),
(372, 38, '31.03.2018', 'NOT DONE'),
(637, 25, '12.02.2021', 'DONE'),
(528, 25, '26.09.2021', 'DONE'),
(680, 42, '06.05.2020', 'NOT DONE'),
(325, 6, '09.10.2023', 'DONE'),
(208, 24, '15.01.2019', 'DONE'),
(560, 29, '14.08.2023', 'DONE'),
(876, 39, '29.04.2020', 'DONE'),
(457, 53, '08.11.2017', 'NOT DONE'),
(854, 57, '25.09.2020', 'NOT DONE'),
(535, 54, '31.08.2019', 'DONE'),
(684, 27, '15.10.2021', 'NOT DONE'),
(930, 26, '30.12.2020', 'DONE'),
(597, 26, '23.05.2024', 'NOT DONE'),
(134, 26, '27.10.2017', 'NOT DONE'),
(603, 52, '09.09.2024', 'DONE'),
(480, 38, '10.08.2018', 'NOT DONE'),
(26, 7, '25.05.2022', 'DONE'),
(791, 56, '03.03.2019', 'DONE'),
(181, 46, '23.04.2019', 'NOT DONE'),
(744, 50, '12.09.2019', 'NOT DONE'),
(488, 44, '30.03.2024', 'NOT DONE'),
(129, 12, '26.06.2019', 'NOT DONE'),
(343, 22, '02.07.2022', 'DONE'),
(447, 56, '01.01.2025', 'NOT DONE'),
(156, 27, '20.05.2022', 'DONE'),
(798, 31, '29.07.2020', 'NOT DONE'),
(631, 34, '01.12.2024', 'DONE'),
(240, 13, '20.03.2017', 'DONE'),
(445, 55, '23.05.2021', 'NOT DONE'),
(20, 14, '19.05.2021', 'DONE'),
(597, 34, '16.06.2020', 'DONE'),
(675, 19, '07.08.2018', 'DONE'),
(621, 8, '21.11.2021', 'DONE'),
(445, 26, '28.07.2017', 'DONE'),
(75, 8, '29.04.2023', 'NOT DONE'),
(666, 15, '28.02.2020', 'NOT DONE'),
(471, 38, '20.11.2023', 'NOT DONE'),
(373, 60, '30.03.2020', 'NOT DONE'),
(609, 19, '11.10.2019', 'DONE'),
(47, 41, '12.04.2020', 'DONE'),
(505, 29, '12.11.2021', 'NOT DONE'),
(303, 22, '29.09.2021', 'NOT DONE'),
(251, 4, '14.05.2017', 'DONE'),
(285, 60, '24.10.2022', 'DONE'),
(197, 13, '23.01.2018', 'NOT DONE'),
(455, 11, '03.01.2017', 'NOT DONE'),
(496, 18, '08.05.2020', 'DONE'),
(2, 1, '20.09.2024', 'NOT DONE'),
(367, 45, '01.08.2017', 'DONE'),
(682, 4, '02.12.2019', 'DONE'),
(402, 48, '18.02.2018', 'NOT DONE'),
(391, 44, '15.02.2019', 'NOT DONE'),
(931, 25, '14.03.2020', 'DONE'),
(48, 13, '25.07.2018', 'NOT DONE'),
(805, 59, '11.12.2021', 'DONE'),
(755, 54, '21.11.2023', 'NOT DONE'),
(711, 6, '27.11.2019', 'DONE'),
(131, 39, '09.03.2017', 'NOT DONE'),
(569, 17, '25.05.2022', 'DONE'),
(333, 33, '13.11.2021', 'NOT DONE'),
(283, 57, '12.06.2019', 'DONE'),
(425, 6, '06.09.2018', 'DONE'),
(897, 33, '17.10.2019', 'NOT DONE'),
(664, 56, '09.02.2022', 'NOT DONE'),
(463, 50, '03.04.2018', 'NOT DONE'),
(614, 43, '19.05.2017', 'NOT DONE'),
(559, 10, '05.02.2017', 'NOT DONE'),
(194, 39, '27.06.2020', 'DONE'),
(795, 41, '06.07.2020', 'DONE'),
(976, 3, '06.05.2021', 'DONE'),
(547, 4, '30.01.2020', 'DONE'),
(387, 53, '13.01.2017', 'DONE'),
(887, 4, '17.10.2018', 'DONE'),
(254, 53, '23.09.2018', 'DONE'),
(698, 7, '19.06.2019', 'NOT DONE'),
(257, 45, '04.01.2017', 'NOT DONE'),
(610, 54, '10.06.2023', 'NOT DONE'),
(529, 49, '01.03.2022', 'NOT DONE'),
(272, 5, '26.02.2019', 'NOT DONE'),
(616, 55, '04.09.2020', 'NOT DONE'),
(544, 59, '24.03.2023', 'NOT DONE'),
(778, 41, '08.09.2018', 'NOT DONE'),
(947, 46, '12.09.2017', 'NOT DONE'),
(163, 32, '13.02.2023', 'DONE'),
(768, 41, '08.08.2018', 'NOT DONE'),
(790, 53, '15.03.2019', 'DONE'),
(729, 33, '13.08.2021', 'NOT DONE'),
(76, 53, '22.06.2021', 'NOT DONE'),
(310, 13, '02.03.2018', 'DONE'),
(148, 31, '31.03.2022', 'NOT DONE'),
(794, 21, '29.03.2022', 'DONE'),
(368, 22, '28.02.2022', 'DONE'),
(841, 9, '22.11.2018', 'DONE'),
(201, 18, '03.05.2021', 'NOT DONE'),
(171, 26, '05.12.2017', 'DONE'),
(259, 44, '29.08.2024', 'DONE'),
(428, 24, '03.08.2024', 'NOT DONE'),
(798, 38, '06.04.2019', 'DONE'),
(14, 30, '12.02.2020', 'DONE'),
(996, 35, '08.12.2024', 'NOT DONE'),
(707, 27, '20.08.2019', 'DONE'),
(90, 22, '11.12.2019', 'NOT DONE'),
(926, 24, '29.06.2021', 'NOT DONE'),
(872, 23, '15.03.2018', 'DONE'),
(247, 18, '20.04.2021', 'NOT DONE'),
(365, 41, '10.06.2023', 'NOT DONE'),
(455, 29, '20.02.2022', 'NOT DONE'),
(330, 18, '05.07.2017', 'NOT DONE'),
(375, 32, '18.03.2019', 'NOT DONE'),
(915, 41, '25.01.2019', 'DONE'),
(807, 10, '06.08.2023', 'NOT DONE'),
(822, 11, '25.01.2019', 'NOT DONE'),
(103, 52, '04.06.2022', 'DONE'),
(298, 45, '03.05.2023', 'DONE'),
(984, 30, '10.04.2023', 'DONE'),
(947, 55, '15.05.2021', 'DONE'),
(399, 46, '08.10.2021', 'NOT DONE'),
(132, 8, '03.02.2021', 'DONE'),
(616, 1, '30.10.2022', 'NOT DONE'),
(997, 26, '08.12.2020', 'NOT DONE'),
(506, 45, '08.04.2021', 'DONE'),
(421, 46, '09.01.2020', 'NOT DONE'),
(155, 1, '23.01.2017', 'NOT DONE'),
(767, 39, '25.04.2021', 'NOT DONE'),
(112, 4, '07.09.2024', 'DONE'),
(354, 4, '03.06.2018', 'NOT DONE'),
(288, 32, '03.05.2019', 'DONE'),
(562, 20, '17.08.2017', 'DONE'),
(693, 33, '07.04.2017', 'DONE'),
(582, 51, '11.01.2020', 'NOT DONE'),
(504, 55, '10.10.2017', 'DONE'),
(722, 17, '10.02.2021', 'NOT DONE'),
(573, 52, '31.08.2020', 'NOT DONE'),
(66, 18, '02.01.2019', 'DONE'),
(465, 33, '13.11.2024', 'NOT DONE'),
(181, 38, '27.08.2020', 'NOT DONE'),
(636, 46, '22.08.2021', 'NOT DONE'),
(671, 25, '11.10.2024', 'DONE'),
(934, 38, '01.04.2020', 'NOT DONE'),
(45, 20, '30.03.2020', 'NOT DONE'),
(803, 15, '10.08.2017', 'DONE'),
(398, 28, '06.12.2020', 'NOT DONE'),
(422, 60, '10.01.2023', 'DONE'),
(135, 52, '17.02.2022', 'DONE'),
(91, 10, '22.01.2018', 'DONE'),
(617, 27, '20.10.2022', 'DONE'),
(605, 52, '31.08.2022', 'NOT DONE'),
(460, 32, '25.09.2024', 'DONE'),
(142, 15, '23.01.2024', 'DONE'),
(514, 34, '04.08.2023', 'NOT DONE'),
(880, 12, '02.06.2018', 'NOT DONE'),
(932, 23, '10.09.2019', 'NOT DONE'),
(858, 9, '13.10.2018', 'NOT DONE'),
(471, 27, '14.10.2017', 'NOT DONE'),
(749, 54, '06.09.2024', 'DONE'),
(584, 56, '11.07.2018', 'NOT DONE'),
(261, 59, '12.10.2024', 'NOT DONE'),
(845, 22, '29.10.2022', 'DONE'),
(604, 5, '16.10.2017', 'NOT DONE'),
(641, 18, '24.07.2020', 'DONE'),
(273, 41, '23.08.2024', 'DONE'),
(759, 43, '13.03.2022', 'DONE'),
(967, 28, '13.10.2020', 'DONE'),
(408, 50, '08.09.2018', 'NOT DONE'),
(351, 36, '20.06.2018', 'NOT DONE'),
(494, 40, '18.08.2018', 'DONE'),
(704, 50, '17.08.2022', 'DONE'),
(841, 18, '27.02.2021', 'NOT DONE'),
(353, 16, '11.11.2019', 'NOT DONE'),
(402, 28, '09.12.2019', 'DONE'),
(319, 56, '21.04.2023', 'DONE'),
(29, 18, '30.07.2018', 'NOT DONE'),
(534, 44, '24.08.2017', 'DONE'),
(668, 40, '16.05.2017', 'DONE'),
(896, 33, '26.01.2024', 'DONE'),
(199, 11, '08.09.2017', 'DONE'),
(571, 56, '13.01.2023', 'DONE'),
(424, 3, '22.08.2019', 'DONE'),
(618, 1, '31.01.2020', 'DONE'),
(295, 60, '23.12.2022', 'DONE'),
(559, 9, '23.06.2019', 'NOT DONE'),
(747, 13, '23.07.2020', 'DONE'),
(745, 23, '18.08.2023', 'NOT DONE'),
(284, 59, '29.10.2022', 'NOT DONE'),
(534, 14, '25.01.2019', 'DONE'),
(358, 25, '12.12.2022', 'NOT DONE'),
(809, 39, '16.04.2021', 'DONE'),
(733, 35, '17.07.2023', 'NOT DONE'),
(157, 9, '09.06.2024', 'DONE'),
(999, 34, '06.08.2020', 'NOT DONE'),
(834, 39, '15.11.2024', 'NOT DONE'),
(81, 55, '29.10.2020', 'DONE'),
(717, 27, '07.04.2021', 'NOT DONE'),
(322, 43, '08.06.2020', 'DONE'),
(838, 57, '11.09.2024', 'DONE'),
(969, 16, '07.10.2023', 'NOT DONE'),
(396, 4, '05.01.2024', 'NOT DONE'),
(507, 53, '06.03.2019', 'NOT DONE'),
(970, 57, '19.01.2017', 'NOT DONE'),
(794, 52, '17.12.2018', 'NOT DONE'),
(138, 56, '07.04.2018', 'NOT DONE'),
(228, 20, '27.03.2022', 'NOT DONE'),
(609, 36, '09.06.2021', 'DONE'),
(923, 52, '10.08.2020', 'NOT DONE'),
(551, 8, '12.11.2016', 'NOT DONE'),
(664, 24, '14.08.2018', 'NOT DONE'),
(627, 48, '18.05.2023', 'DONE'),
(835, 21, '11.06.2023', 'DONE'),
(175, 8, '12.07.2018', 'NOT DONE'),
(461, 54, '25.02.2017', 'DONE'),
(766, 5, '26.10.2021', 'NOT DONE'),
(128, 9, '20.10.2024', 'DONE'),
(326, 19, '24.10.2021', 'NOT DONE'),
(930, 35, '03.10.2021', 'NOT DONE'),
(228, 43, '14.10.2024', 'NOT DONE'),
(907, 53, '11.06.2024', 'NOT DONE'),
(294, 27, '15.11.2018', 'DONE'),
(145, 5, '08.01.2025', 'NOT DONE'),
(992, 11, '27.06.2022', 'DONE'),
(155, 3, '24.07.2020', 'NOT DONE'),
(640, 5, '12.09.2019', 'DONE'),
(123, 59, '19.11.2020', 'DONE'),
(745, 17, '21.10.2017', 'DONE'),
(392, 10, '04.04.2024', 'DONE'),
(879, 43, '07.07.2019', 'NOT DONE'),
(761, 44, '07.08.2022', 'NOT DONE'),
(307, 52, '10.09.2023', 'DONE'),
(140, 33, '18.09.2021', 'NOT DONE'),
(861, 8, '23.01.2019', 'DONE'),
(786, 53, '16.03.2021', 'DONE'),
(273, 8, '20.10.2020', 'NOT DONE'),
(147, 18, '07.01.2018', 'NOT DONE'),
(597, 58, '13.12.2019', 'DONE'),
(893, 37, '22.03.2018', 'DONE'),
(700, 24, '15.01.2024', 'DONE'),
(517, 27, '08.04.2023', 'DONE'),
(23, 12, '09.03.2024', 'DONE'),
(807, 41, '23.05.2024', 'NOT DONE'),
(551, 27, '29.08.2017', 'DONE'),
(594, 24, '11.02.2019', 'NOT DONE'),
(954, 50, '07.08.2024', 'NOT DONE'),
(36, 16, '14.10.2019', 'DONE'),
(782, 34, '13.01.2023', 'DONE'),
(7, 21, '23.08.2021', 'DONE'),
(9, 26, '21.01.2023', 'DONE'),
(104, 48, '01.10.2018', 'DONE'),
(95, 24, '13.07.2024', 'NOT DONE'),
(270, 51, '08.12.2020', 'NOT DONE'),
(751, 31, '28.04.2017', 'NOT DONE'),
(581, 43, '02.11.2018', 'NOT DONE'),
(31, 42, '05.02.2023', 'NOT DONE'),
(902, 31, '20.08.2017', 'DONE'),
(264, 38, '15.12.2021', 'NOT DONE'),
(311, 33, '08.12.2023', 'NOT DONE'),
(465, 41, '19.10.2017', 'NOT DONE'),
(938, 18, '05.12.2022', 'NOT DONE'),
(231, 41, '29.07.2018', 'NOT DONE'),
(51, 36, '28.06.2020', 'DONE'),
(829, 3, '07.08.2021', 'DONE'),
(401, 54, '01.08.2019', 'DONE'),
(606, 31, '18.06.2019', 'DONE'),
(750, 41, '25.05.2023', 'NOT DONE'),
(350, 20, '26.09.2019', 'NOT DONE'),
(155, 6, '08.09.2021', 'DONE'),
(498, 39, '04.06.2022', 'DONE'),
(458, 12, '26.04.2022', 'NOT DONE'),
(623, 57, '18.05.2024', 'NOT DONE'),
(352, 9, '11.09.2024', 'NOT DONE'),
(947, 29, '30.12.2016', 'NOT DONE'),
(334, 15, '28.11.2018', 'NOT DONE'),
(680, 12, '29.12.2024', 'NOT DONE'),
(622, 57, '14.09.2024', 'NOT DONE'),
(333, 47, '29.08.2023', 'DONE'),
(652, 34, '07.08.2019', 'NOT DONE'),
(736, 41, '29.04.2022', 'NOT DONE'),
(598, 27, '07.03.2017', 'DONE'),
(415, 46, '08.11.2022', 'NOT DONE'),
(288, 1, '11.01.2025', 'DONE'),
(269, 57, '12.12.2016', 'DONE'),
(356, 49, '20.08.2017', 'DONE'),
(833, 41, '16.05.2022', 'NOT DONE'),
(889, 24, '29.01.2023', 'NOT DONE'),
(683, 58, '06.01.2025', 'NOT DONE'),
(817, 58, '18.09.2021', 'NOT DONE'),
(383, 48, '15.03.2020', 'NOT DONE'),
(682, 57, '26.10.2021', 'DONE'),
(369, 40, '11.10.2019', 'DONE'),
(120, 26, '31.10.2018', 'NOT DONE'),
(493, 33, '08.08.2022', 'NOT DONE'),
(415, 38, '21.01.2022', 'DONE'),
(717, 54, '22.10.2017', 'DONE'),
(67, 10, '18.06.2024', 'DONE'),
(228, 9, '01.02.2018', 'DONE'),
(903, 53, '29.01.2024', 'NOT DONE'),
(758, 57, '08.12.2024', 'DONE'),
(162, 39, '29.04.2017', 'DONE'),
(556, 56, '14.01.2017', 'NOT DONE'),
(187, 59, '12.10.2020', 'DONE'),
(251, 33, '07.06.2021', 'NOT DONE'),
(844, 7, '03.05.2019', 'NOT DONE'),
(542, 19, '13.11.2022', 'DONE'),
(89, 5, '18.11.2019', 'NOT DONE'),
(519, 53, '18.07.2019', 'NOT DONE'),
(280, 4, '18.04.2024', 'DONE'),
(675, 32, '27.03.2017', 'DONE'),
(905, 9, '03.02.2022', 'NOT DONE'),
(260, 27, '27.06.2022', 'DONE'),
(420, 45, '02.07.2017', 'DONE'),
(440, 43, '03.03.2024', 'DONE'),
(615, 47, '13.08.2021', 'NOT DONE'),
(585, 24, '09.05.2022', 'DONE'),
(921, 42, '02.06.2021', 'DONE'),
(169, 48, '18.09.2018', 'DONE'),
(165, 39, '14.07.2023', 'DONE'),
(863, 52, '13.01.2021', 'NOT DONE'),
(239, 29, '28.05.2017', 'NOT DONE'),
(967, 8, '19.02.2018', 'NOT DONE'),
(355, 16, '10.07.2021', 'DONE'),
(10, 37, '04.02.2018', 'NOT DONE'),
(983, 15, '16.03.2020', 'NOT DONE'),
(803, 23, '04.03.2018', 'NOT DONE'),
(464, 33, '01.12.2023', 'NOT DONE'),
(94, 54, '10.04.2021', 'NOT DONE'),
(162, 15, '28.10.2021', 'NOT DONE'),
(802, 28, '07.02.2017', 'DONE'),
(474, 17, '18.02.2023', 'DONE'),
(44, 24, '18.03.2017', 'NOT DONE'),
(27, 22, '10.09.2021', 'DONE'),
(296, 60, '21.07.2021', 'DONE'),
(444, 41, '12.03.2021', 'DONE'),
(643, 43, '20.02.2024', 'NOT DONE'),
(566, 47, '26.05.2024', 'DONE'),
(696, 18, '23.02.2022', 'DONE'),
(878, 50, '29.06.2023', 'NOT DONE'),
(152, 9, '02.10.2017', 'NOT DONE'),
(214, 53, '04.03.2022', 'DONE'),
(36, 11, '03.10.2021', 'DONE'),
(366, 23, '26.01.2019', 'DONE'),
(296, 23, '25.12.2020', 'DONE'),
(198, 14, '14.01.2024', 'NOT DONE'),
(52, 38, '10.05.2019', 'NOT DONE'),
(356, 24, '06.05.2024', 'DONE'),
(875, 7, '31.05.2020', 'DONE'),
(45, 8, '14.09.2020', 'NOT DONE'),
(165, 29, '11.04.2018', 'NOT DONE'),
(195, 19, '19.04.2019', 'DONE'),
(985, 13, '12.08.2019', 'NOT DONE'),
(850, 24, '01.06.2018', 'NOT DONE'),
(120, 56, '13.01.2023', 'DONE'),
(677, 31, '09.06.2020', 'DONE'),
(13, 41, '23.08.2023', 'NOT DONE'),
(443, 37, '13.06.2024', 'NOT DONE'),
(899, 60, '28.03.2018', 'DONE'),
(207, 55, '29.09.2024', 'DONE'),
(461, 43, '31.05.2022', 'DONE'),
(709, 8, '06.07.2024', 'DONE'),
(822, 20, '01.06.2022', 'DONE'),
(670, 3, '01.07.2020', 'DONE'),
(986, 30, '02.07.2019', 'DONE'),
(308, 50, '26.02.2017', 'DONE'),
(784, 25, '24.08.2024', 'NOT DONE'),
(645, 57, '11.01.2020', 'DONE'),
(568, 22, '07.12.2016', 'NOT DONE');
